character,x,y
一,-26.9961179,3.063786503
丁,38.47795931,8.865551129
七,3.745194583,-6.921591693
万,69.41341687,24.73849173
丈,4.529552434,0.394643324
三,23.43717273,-3.435576001
上,4.74840573,-7.417337163
下,43.52236156,8.586235456
不,39.47946539,8.982623676
与,33.14072564,-10.73984348
丐,56.85638831,1.802676407
丑,34.58671007,17.02519866
专,-37.38024467,-14.10292912
且,40.27923289,-5.124539985
世,0.312070657,-50.59198567
丘,36.1400092,-28.37294996
业,-13.46085529,-16.13524081
丛,14.13035766,-2.641560565
东,-40.81909073,2.816270096
丝,14.76337793,-2.898512938
丢,-54.71484249,-11.05884868
两,73.99356584,31.61431806
严,26.45190023,-2.129712415
丧,-38.13188359,1.980396137
个,-25.16214953,13.37419002
丫,-25.1921543,13.29052584
中,-21.41806302,8.04125222
丰,-30.44531226,10.27648794
串,-59.21236291,-13.85728967
临,25.43127362,73.795324
丸,1.15626407,1.597594378
丹,45.05529437,-7.367857311
为,-8.626286408,5.108340552
主,7.209965594,-15.18269729
丽,69.14277413,30.2805914
举,-29.59515366,20.84242129
乃,70.49204776,24.68699953
久,-5.411783629,10.35992869
么,-3.374098185,9.399040429
义,-12.83477636,5.117938757
之,-13.18676959,13.61485855
乌,-69.20796763,-5.959908888
乎,-22.91196636,19.68961721
乏,20.15332488,-8.73195975
乐,31.81709667,6.669589917
乒,17.73412433,4.168079881
乓,17.80616265,4.173284135
乔,16.03956209,3.790905923
乖,-24.53102105,20.5296764
乘,-51.24810124,17.15853139
乙,36.74490351,20.45373068
九,1.074487806,1.418081738
乞,-1.516768163,15.24245884
也,12.0427743,-41.10897386
习,67.64284262,27.60221373
乡,-13.67163423,2.212405216
书,-17.69562991,21.49687175
买,-63.43103915,25.56457464
乱,11.01741592,14.34125933
乳,15.72663853,22.24864925
乾,-1.928986638,50.74655643
了,38.81425785,8.942225387
予,38.71263418,11.22959014
争,-56.51931424,-29.10191041
事,-75.8529879,55.26574945
二,22.82821725,-3.76909786
于,38.16574129,7.261675919
亏,56.68959691,1.006625512
云,36.37259696,3.37860275
互,20.29321418,-6.555555663
五,35.8277937,18.03103574
井,-0.488132314,0.394955722
亚,-13.56878032,-16.30793744
些,4.585394297,-16.83371242
亡,12.30198986,-43.09962006
交,-75.88304915,-7.636789055
亦,-29.37776507,-7.877029182
产,-30.28854217,1.121206594
亨,-86.30173093,-0.115353549
亩,-78.22837161,-47.46575229
享,-61.76815253,35.03053151
京,-70.52667831,-14.55560533
亭,-61.64103522,36.65618262
亮,6.275882202,3.165097711
亲,-60.11843166,14.12718001
人,-7.245927205,8.932151101
亿,-3.475340652,-48.18831966
什,-0.600737599,-27.13680265
仁,11.49852211,-26.84567293
仅,-9.323508928,-47.03717585
仆,33.21672812,-43.40582065
仇,1.677699593,-55.53916413
今,-38.27431344,-25.87671576
介,-2.499401825,4.690621273
仍,49.75006762,-39.10592929
从,9.190530482,18.41719316
仓,35.87353298,-27.66674976
仔,49.87707626,-27.49116212
他,7.09086413,-25.46792487
仗,8.419096422,-43.94000709
付,13.98596837,-48.94606037
仙,60.62655944,-26.15269359
代,12.681456,-25.56340735
令,-25.50991667,2.644815216
以,-1.056085496,-5.079112457
仪,-9.63011312,-47.37619225
们,-3.610573135,-49.46534758
仰,60.08256893,-25.72328098
仲,3.920874491,-30.6830724
件,4.537436587,-30.76910811
价,11.19278373,-38.37827748
任,52.55159819,-28.73895305
份,18.0516262,-45.92219549
仿,17.13092373,-45.15716717
企,8.865357755,-13.1055957
伊,61.06052405,4.975935892
伍,53.3343843,-34.40278057
伏,9.196796647,-35.12577755
伐,12.7764497,-25.4668941
休,3.342318273,-32.59554764
众,-5.035841748,9.84396094
优,-8.11778751,-55.14247274
伙,9.668903062,-35.99814775
会,-2.692521951,10.90887481
伞,-27.24259971,10.93961829
伟,-40.58763676,-29.7826608
传,-18.68895374,-46.09017494
伤,-21.6128814,-4.56484856
伦,-4.984309491,-47.11956541
伪,-6.332958296,-52.65529157
伯,74.45338471,-46.20494636
估,5.024647734,-34.32262026
伴,0.155513828,-31.68712714
伸,-0.489060536,-32.95389631
似,-7.023621286,-47.6378903
但,62.63878728,-39.28521468
位,9.800466842,-42.71007794
低,11.49181926,-20.65356388
住,6.290886324,-31.53011499
佐,6.533921761,-41.76842987
体,3.0906967,-32.84085251
何,56.3406041,-10.37152547
余,-58.07719815,-9.916384645
佛,-25.08874231,-65.88023455
作,-0.193460151,-34.59735525
你,-0.016525832,-33.96445964
佣,58.61626662,-24.6984068
佩,47.21453297,-5.445982687
佳,-14.73870988,-43.90228181
使,-40.76754448,-73.45836381
侄,54.28408949,-31.77183227
例,-3.693543583,-54.35472101
侍,-39.05229647,-72.97464614
供,0.709132299,-57.09300484
依,8.724435374,-44.31424037
侠,-11.03170917,-46.67386164
侣,-5.62419833,-44.95941977
侦,-10.16817181,-48.53723029
侧,62.1511654,51.14705904
侨,-7.08141289,-52.02865478
侮,-31.67756134,-70.10847041
侯,74.51666639,-17.98716799
侵,-19.91875115,-15.11239522
便,8.428349913,-57.16111766
促,57.68535343,-24.38311873
俄,-5.57344369,-60.98721136
俊,12.72546867,-63.46207179
俗,7.987322114,-63.40875254
俘,-2.912547461,-22.64990462
保,57.03653039,-24.00638947
俞,-17.22747401,-3.089018773
信,-38.59429436,-44.46280763
俩,65.71731179,-14.32094688
俭,-5.051027536,-46.88798528
修,-21.69693595,46.18174703
俯,-20.22262398,-4.459903579
俱,66.66953862,-39.05592088
俺,-42.03890818,-70.21017763
倍,-25.4627672,-53.00198354
倒,-3.667547438,-54.36600966
倘,6.36090984,-57.14512542
候,74.54907828,-17.96381098
倚,-84.38143732,-26.12739482
借,-34.1252692,-49.80729506
倡,67.00537964,-38.34380784
倦,-43.08184773,-52.93717206
倪,-8.158593454,-52.33230268
债,-53.44992739,-50.08886474
值,-65.40468271,-51.96163522
倾,73.82660411,64.49640715
假,65.65477026,-14.31834436
偏,4.579102113,13.32269747
做,-13.59556523,-53.29673116
停,-49.89910107,-44.55754804
健,-45.3293709,-50.64103596
偶,8.260532376,-56.97881672
偷,-11.53752325,-59.78462228
偿,-42.48313497,-51.75441561
傅,-55.95150507,-73.77507918
傍,-47.20704488,-39.47465779
储,-28.61637905,-45.5457756
催,23.96457991,-78.83426741
傲,-13.65650943,-53.37709378
傻,-54.44706007,-51.32985582
像,-44.8520227,-52.13915062
僚,-48.85046085,-45.00532273
僧,-18.47382311,-68.0767596
僵,-42.18266881,81.45684671
僻,-13.65420808,-50.21462418
儒,-22.50886354,41.6202465
儿,10.9872711,12.01080511
兀,10.95218248,11.68318273
允,11.65182411,6.971289198
元,34.51523466,2.545162745
兄,45.9323078,-0.448465542
充,-30.80095847,-7.00990246
兆,8.673287689,7.843677982
先,-9.845000397,13.05446482
光,-8.692266441,11.99855055
克,-43.15708833,-12.60931127
免,-50.5064398,-11.50217239
兑,5.964379097,2.878393449
兔,-51.4680694,-11.58785644
党,8.312618081,-1.981759681
兜,7.703480058,7.044461952
入,-7.072973631,8.853577478
全,7.209287559,-8.981526255
八,9.321481718,18.07065328
公,-3.142086621,9.341147383
六,-7.393893911,1.422924143
兰,-6.999051047,-11.87927132
共,-1.741424743,-1.008785526
关,-11.67336571,6.637741694
兴,-20.66272639,20.91557675
兵,18.20690048,4.335735296
其,-48.82164981,-23.20631105
具,46.44714221,17.71056425
典,-35.04758232,-1.340994657
兹,-3.966386371,31.02929761
养,-52.60686572,28.77680529
兼,-94.13635004,19.6075185
兽,-83.25300732,51.12061181
内,73.33945547,10.20092358
冈,74.03404372,41.19903637
册,68.11421088,30.60883317
再,50.82272424,-1.25626814
冒,-80.46475355,52.66569316
写,19.13699982,10.22458724
军,55.24077334,1.050285206
农,-6.731172151,18.03961435
冠,42.82223054,-7.332206729
冤,32.46857272,13.1223901
冬,-29.60942936,-4.284558174
冯,35.38649211,-6.023185873
冰,-10.36914153,-24.42778302
冲,3.028480215,-28.53382655
决,11.47556796,-31.12916053
况,29.35166512,-17.55300135
冶,-33.44872996,-26.4200274
冷,-44.27445881,-33.60971684
冻,-28.43129614,-8.920183071
净,-44.0828049,-30.90447993
凄,-82.06538,20.39810818
准,4.872954636,-87.66177779
凉,-41.75394475,-28.91663358
凌,-52.02700939,37.13365722
减,-16.10137616,33.38864706
凑,-70.01924477,-32.34776251
凛,-45.32101948,57.67737958
凝,52.64832136,39.88002957
几,35.65051497,-18.878674
凡,36.0496777,-18.58971706
凤,46.79856004,-3.65541873
凭,-34.23611403,24.55838487
凯,10.98926892,36.7244418
凳,-18.20682589,52.98224579
凶,82.82727887,48.49607468
出,-35.83085922,13.53960638
击,-35.34200809,10.93633427
函,82.66470342,47.18145544
刀,67.8087823,26.24386581
刃,67.79027565,26.18883207
分,0.494761282,8.14545739
切,62.19187468,-19.61609873
刊,84.07955257,8.799102231
刑,88.66442182,0.763508617
划,88.61838327,9.550553355
列,84.67834323,11.64750772
刘,87.34403116,9.413855497
则,87.22037249,13.3244272
刚,55.82654387,77.47185466
创,90.08999462,9.323608493
初,74.22883105,17.31017035
判,86.91408526,7.700932415
利,83.50623437,9.155024994
别,90.47423646,13.18633811
刮,88.68746964,12.1969251
到,88.64875556,11.47994465
制,93.87230388,8.300611231
刷,89.72690522,19.95633016
券,-72.65992416,20.74896464
刹,91.31110707,9.427258561
刺,91.65372996,6.630728148
刻,88.57612244,7.620930816
剂,89.91191541,7.457427178
削,90.64697454,11.50483138
前,-0.116515029,24.32198412
剑,90.14482317,9.985424658
剖,88.52478748,6.961559178
剥,95.02598355,8.761139871
剧,89.74143616,19.99567325
剩,95.69372687,8.766257423
剪,-53.12869822,-23.495846
副,91.23293559,13.94491976
割,92.58737466,6.955812426
劈,-13.7971083,39.61844136
力,-17.00450745,7.866062964
劝,77.62002585,16.38622538
办,-7.211473496,-4.632264204
功,77.60896363,16.38656691
加,69.54322377,15.2610109
务,-15.8669436,-6.164558407
劣,-15.859433,2.283154528
动,80.26903462,13.67874041
助,83.16284666,13.94302178
努,-16.34763092,1.528712175
劫,86.6678234,9.776551499
励,43.29523779,61.01862679
劲,84.34618643,12.32379948
劳,-39.47833687,-10.64588587
势,-47.98668888,1.326247363
勃,91.43791894,5.605527338
勇,42.01712908,27.90516604
勉,38.31251659,39.89587504
勒,81.00170934,19.46420276
募,-40.15472857,61.70193553
勤,93.39240548,12.77410669
勾,29.83875204,-10.65210128
勿,27.68642835,-10.45044593
匀,32.33076423,-10.72672357
包,-28.86570725,-28.26047994
匆,29.6450354,-10.34374853
化,-27.4335304,14.52116767
北,9.057926874,8.534009922
匙,27.64263154,28.7349233
匠,33.90602869,22.88948307
匪,33.60758721,23.45334981
匹,34.74356799,23.06960271
区,36.09583277,22.38153061
医,36.67654778,23.25415855
十,-28.6653921,15.18829644
千,-28.18496081,3.723033381
升,28.01276692,45.88027727
午,-21.83391277,18.92535589
半,-30.24817853,15.59441036
华,-26.99271215,10.92243014
协,13.78627436,-48.93665081
卑,-60.54334605,-15.133959
卓,-69.30253472,19.13585317
单,-68.93288626,18.3970964
卖,-78.19632419,-12.32274345
南,-67.88580781,-12.32515409
博,-55.88811676,-73.74480904
卜,-4.368914077,6.914514867
占,-13.96905016,18.67522736
卡,-1.947590901,14.47262008
卢,-54.22651174,-16.28405672
卧,20.29448518,62.52788346
卫,37.80972111,18.13930315
印,69.04230487,19.8366349
危,-55.61851664,-31.61621106
即,68.29351794,45.35364524
却,69.50474969,16.60501724
卵,68.28013061,45.36898613
卷,-72.47059767,20.87980538
卸,19.13655332,27.7176274
卿,54.95718165,81.60598698
厂,42.46060543,2.284966414
厅,43.4205805,2.687931249
历,36.63545482,26.56892316
厉,57.68452985,22.02978376
压,37.7448866,21.57641293
厌,41.03257251,2.887655706
厕,65.52308845,42.32406506
厚,-30.02247928,44.20650675
原,48.38867625,23.21390278
厢,79.62226806,39.96344568
厦,-28.56107284,82.93563273
厨,21.75066941,34.46415692
去,-12.69197475,17.62112231
县,-37.39661089,46.98065258
参,-7.795334503,26.74816043
又,47.85283152,6.369099535
叉,48.0392237,6.392384146
及,51.42933568,14.03183294
友,-3.393353727,16.652053
双,52.09264899,14.79730657
反,41.62736766,-1.555115374
发,-51.89536454,36.99281423
叔,0.76154331,38.50270157
取,-4.455599692,34.89201975
受,20.90740402,14.3942671
变,-80.05488969,-4.737380085
叙,0.812553679,38.52718117
叛,53.94640706,-48.20175675
叠,-28.76495792,78.5225899
口,-1.080243831,-8.78469566
古,-13.58263665,18.35297554
句,27.71299368,-11.04418113
另,48.78097438,10.37039142
叨,78.74183318,51.53758586
只,33.97877799,6.563941882
叫,79.06059314,51.99560773
召,65.94812683,1.501052592
叭,36.72382504,75.86797016
叮,41.5937346,68.90154732
可,48.76916891,-3.556853593
台,-35.68912068,-26.50177717
史,-36.68490015,19.4451272
右,-14.05479231,19.08414318
叶,31.54726286,71.6708086
号,28.59101556,2.11326096
司,76.14904019,31.19216591
叹,34.91998431,76.71445828
吁,25.70062566,49.85617666
吃,37.46551345,71.97942594
各,6.934091723,-62.59560371
合,-36.25015021,-26.48668704
吉,-44.55544409,-3.399337984
吊,55.16188496,8.529192232
同,72.88140788,39.15403657
名,-34.20326218,-26.24987735
后,-50.24533161,-30.35991582
吐,24.78915579,51.52963209
向,72.71676745,8.422639515
吓,40.97583623,72.67828788
吕,67.85113103,1.189599666
吗,31.4306531,89.97443841
君,56.90739367,33.23870364
吞,60.19318945,0.301877733
吟,26.27828514,80.61914259
否,63.78982433,1.16195348
吧,48.88382729,63.56123961
吨,30.48396635,72.51933037
吩,38.19533641,68.77516073
含,-98.21049547,-16.64843709
听,36.90246825,74.80799452
启,60.22812792,26.07482193
吴,54.71035569,28.35162841
吵,31.5748037,72.77204595
吸,32.95646232,66.76417806
吹,30.25377486,75.84305678
吻,40.58996298,79.69887895
吼,41.49140821,86.64514921
吾,58.23134445,33.61945965
呀,35.78247802,75.16876136
呆,53.89742781,8.821039371
呈,28.68190031,17.57267834
告,-20.55861408,0.876961496
员,47.33761857,10.40861701
呜,-3.370405229,85.95763745
呢,44.6639914,55.1865072
周,64.74443621,35.4307313
味,28.91817801,70.13363493
呵,36.25917257,95.76618125
呼,32.18480044,73.12941843
命,-24.38757495,33.59607176
咋,39.87039236,72.0882614
和,81.56235116,8.813051188
咐,38.00778332,91.38788859
咕,34.87938375,71.28757449
咖,52.96504685,81.04216431
咨,-97.4704825,-16.50852903
咬,33.08420532,78.68722913
咱,37.65850807,80.92208537
咳,33.35980047,78.80829154
咽,30.87311191,87.42311876
哀,-37.75521125,0.020442723
品,70.03890249,0.491279706
哄,37.26161739,77.04765458
哇,28.75522734,71.31491266
哈,37.56752636,80.87204933
响,41.97806787,79.64546208
哎,33.96387669,78.09155975
哑,52.79473841,79.74637965
哗,33.52791204,83.86397766
哟,53.50167435,84.16551389
哥,45.06385919,-8.524509553
哦,42.29934753,88.8970668
哨,29.06505383,86.90826553
哩,31.4179704,99.27189467
哪,53.27782663,81.10493964
哭,49.92306485,7.642307792
哲,-92.72407062,-15.54463926
哼,-7.154417544,74.38404926
唇,-56.00010189,29.59393036
唉,32.23010808,76.66964357
唐,-68.45483239,31.5879512
唤,33.05555842,81.89299296
售,-67.55796537,-24.18187779
唯,35.93671419,87.03562723
唱,27.45723115,93.90467366
商,-66.93109758,7.299469959
啊,48.04202746,89.15289197
啡,41.35209727,86.14240219
啤,-0.658128268,84.95975222
啥,30.44173237,84.0059111
啦,37.8365614,90.57256996
啪,36.95471604,89.76095513
啸,48.61699184,82.96542696
喀,22.6526527,88.07561204
喂,27.50634747,93.83543148
喃,45.81612208,84.83501593
善,-94.15004158,6.316856156
喇,55.38056745,85.70277724
喉,51.11197458,87.75600182
喊,43.5746302,89.0593401
喘,48.49976067,77.02460928
喜,-68.71418283,55.87707276
喝,29.54114646,90.37430366
喧,-4.391774121,88.66814285
喷,32.07221241,81.3375649
喻,50.83961455,82.77028209
嗓,31.84509057,93.30804709
嗤,24.87995647,93.3258501
嗦,46.98366151,83.69463395
嗯,30.41900327,94.4695549
嘉,-83.14333882,52.45584669
嘛,7.642521274,50.40790354
嘱,47.30943874,89.61543762
嘲,55.16252746,85.44069128
嘴,49.83271718,84.68483352
嘻,24.88041844,87.27646504
嘿,30.38199215,93.50543272
器,57.35359658,28.22021405
噪,29.89366384,92.71473622
嚷,-42.19403057,64.77613811
嚼,50.46355681,83.99218336
囊,-91.68372717,39.01775755
囚,80.44280657,43.13557331
四,79.59654824,41.45188859
回,77.80460491,42.20286598
因,80.41755967,43.31645781
团,81.96373559,45.71758829
园,81.47768114,41.38238154
困,82.11063754,46.38578458
围,84.32914552,41.6709159
固,79.60580864,44.4123227
国,82.21654817,43.15369276
图,82.97487331,44.91863994
圆,84.28213703,45.07668671
圈,83.68040274,41.11344386
土,6.541415807,-7.964221866
圣,30.25846543,15.27849216
在,3.896242401,-39.86587397
地,6.883716949,-25.266417
圳,88.65729025,-0.468343571
场,51.04183516,-39.44958967
圾,52.2019619,-49.08431006
址,38.03100048,-39.87769216
均,33.25157253,-11.49325581
坊,17.07300954,-45.14214403
坎,10.74169678,-35.84273795
坏,50.03470944,-26.25031823
坐,5.726413471,-11.38154601
坑,27.6894976,-51.05303691
块,11.39374827,-31.86385299
坚,28.35729881,23.318364
坛,19.68451603,-11.86423482
坝,62.32916645,-19.84453855
坟,15.03548951,-35.3828746
坠,28.00711213,23.1848024
坡,16.90530254,-71.7377438
坦,62.59606876,-39.3028365
坪,49.64363898,-25.85573941
垂,27.052367,18.41055195
垄,-48.99599278,-20.30401979
型,26.92235005,22.48431331
垒,12.854219,-5.202596698
垮,-36.30040521,-67.83548573
埃,17.26202963,-60.67085975
埋,61.22271185,-33.21428098
城,-18.43309269,32.9663645
域,-18.08103232,32.96387673
培,-25.43255501,-53.58563252
基,-57.24060403,34.31765707
堂,11.90083873,-5.246685981
堆,40.29894911,-51.92247251
堕,16.51842636,83.46795651
堡,14.21816154,-8.300290712
堤,62.12185436,-32.57384682
堪,-76.29282811,-23.13493916
堵,-30.54959234,-48.4373335
塌,60.20119618,-16.36453839
塑,-34.49898868,51.72897452
塔,-35.44802187,-43.68679715
塘,-57.05595568,-51.70091744
塞,-89.31070575,-7.447934753
填,-52.6315814,-76.2459384
境,-72.97707252,-24.04359726
墓,-65.73806795,57.99458999
墙,-52.02906226,-55.87424951
增,-18.5130337,-68.03380787
墨,-28.13400011,79.64053048
壁,-35.25396787,49.86580193
壤,-41.58657521,65.68526839
士,6.557294673,-7.952404615
壮,18.85070906,62.84342776
声,-87.82860183,-20.39953679
壳,-79.65518987,19.99458768
壶,-85.24695391,-17.77808987
处,1.156151061,13.55188947
备,-65.26898958,-21.88603709
复,-81.05120525,20.24269131
夏,-24.48145366,72.41957904
夕,-28.55453384,-4.261690489
外,17.22768902,22.82652182
多,-53.92791228,-3.671731712
夜,-78.90211039,-8.788400536
够,-22.32703276,45.83951289
大,-8.212628628,6.602132705
天,36.31605126,3.744945438
太,-8.295568749,6.636215755
夫,-10.42121421,13.50628078
央,-14.30667461,9.932698606
失,-15.94583616,8.8699488
头,-13.05669736,1.405666949
夷,-84.61605084,-16.35546837
夸,-35.55903336,-13.9635785
夹,-13.45497122,9.642198376
夺,-31.15046513,-4.918587102
奇,-83.22875791,-29.34836945
奈,-84.9524673,0.421302743
奉,-72.82507405,16.74772677
奋,-41.73275657,22.18980754
奎,-56.49206541,-4.956990894
奏,-78.81393246,16.16083034
契,-63.4308397,25.56197232
奔,-71.81178724,-9.636702724
奖,-52.33976025,4.511631978
套,-69.65628177,-20.54424979
奠,-94.91166104,6.224608368
奥,-73.25078748,40.49597903
女,-6.126840792,0.516645728
奴,29.12817094,38.47381289
奶,32.56001337,35.3610492
奸,28.62512552,44.72091998
她,33.77713155,41.0870195
好,28.7862737,44.30913845
如,70.38213486,18.88857703
妄,-35.77833524,-12.70504362
妆,5.75991249,37.17639966
妇,84.29807718,29.3485913
妈,33.058182,-3.058070406
妓,31.65004763,39.05355579
妖,31.13625576,39.63963962
妙,32.26282441,40.04460323
妥,22.21850154,14.06873804
妨,31.89539641,37.50161482
妮,44.80968633,53.92907755
妹,29.00860697,68.48924966
妻,-71.4117027,52.24389367
姆,46.03069404,53.10195719
姊,30.50373489,41.69159209
始,34.6701681,36.56170271
姐,64.74391135,-63.52534702
姑,33.88883215,38.08937267
姓,33.47478555,41.34730655
委,51.46132908,36.75926922
姚,39.06087636,53.18075844
姜,-52.62384753,28.78797877
姥,33.70538988,45.42249097
姨,-45.49965516,36.47095256
姬,44.76190349,52.80847165
姻,50.49895218,51.07504245
姿,-81.24004773,-5.387429623
威,-16.0639036,32.71053377
娃,33.34410984,45.13460484
娇,26.86590066,37.14473542
娘,37.27633367,46.56690165
娜,40.49857294,53.56875279
娱,47.17889226,52.96860145
娶,-24.52297435,50.03416925
婆,-66.54433436,48.50635788
婉,37.8568286,49.96848929
婚,49.71075123,48.16884672
婴,50.68929743,37.62930147
婿,44.15814564,49.79644669
媒,-46.15713795,14.52359826
媚,50.59584274,51.16915255
媳,37.15856482,47.69882797
嫁,37.82470838,49.91900646
嫂,49.69155658,48.2367909
嫌,41.15827227,49.87627369
嫣,44.09787345,49.68814263
嫩,-9.967228584,37.35152703
子,34.65186323,8.770002865
孔,11.98133917,10.82214674
孕,-55.83598219,21.92054176
字,-40.30295062,-18.31976116
存,-37.84753196,-18.2406243
孙,28.45694925,-30.01096169
孝,-57.43877366,-26.42304799
孟,64.39506932,-7.422533037
季,-29.60449146,20.87755121
孤,33.78276722,-64.81309905
学,-31.04649517,16.48527224
孩,-49.97738915,-61.62417886
宁,-30.6610449,2.699945222
它,-33.62754047,-5.347888105
宅,-41.07591002,-16.44952081
宇,-40.99122113,-17.58486741
守,-30.79439306,0.783238426
安,-31.8760902,0.082774095
宋,-33.94939749,6.026435498
完,-41.97027003,-27.77140135
宏,-24.47918138,-7.753337443
宗,-41.2028339,2.815211763
官,-38.60755859,-41.54520416
宙,-94.47818203,-21.41046618
定,-42.12286839,-17.57083729
宛,-76.040483,-3.598451261
宜,-48.78003568,-22.62984931
宝,-42.89575912,-16.87685992
实,-33.3857502,-0.973417935
宠,-76.08715596,-2.533781676
审,-61.28059602,-12.50949207
客,-96.09040655,-16.0719495
宣,-96.22439484,-5.789450662
室,-48.88914687,-21.20947607
宪,-43.67103689,-12.41271177
宫,-92.50690611,-16.10758189
宰,-57.82315827,-12.24712394
害,-89.13077911,-0.891077752
宴,-81.45964633,21.21738594
宵,-83.13663981,-25.1723833
家,-76.56559496,-18.13458138
容,-96.47268042,-16.24527837
宽,-78.84395519,-28.30247804
宾,-79.01947238,-15.09059161
宿,-55.49805694,40.68847277
寂,-62.89792009,-0.518142651
寄,-53.5205991,49.47191131
密,-68.6560634,48.27067258
富,-69.15046599,55.68622425
寒,-64.47099675,35.14140265
寓,-60.06720783,55.63873924
寞,-66.50837778,52.38386106
察,-58.46307581,50.52508626
寡,-46.89749408,59.96785313
寥,-46.36634102,59.39161355
寨,-59.20030411,52.19767773
寸,-5.191132715,1.45287566
对,13.53365519,32.21400515
寺,-37.46380118,-14.23554227
寻,43.23431319,13.79879792
导,55.83009861,33.80423645
寿,-86.83927479,-21.32642724
封,9.795708998,31.46745738
射,12.42015729,33.17656337
将,10.94627038,26.81105874
尊,-82.60534893,12.43015728
小,-23.9084278,14.07349143
少,-19.58493925,11.5301688
尔,-21.84267295,13.04496585
尖,-13.66422761,6.381915438
尘,5.786197041,-11.34163834
尚,17.26149101,14.40775737
尝,-41.77331835,-51.07685407
尤,-8.483203026,3.742897991
就,-2.72829619,47.76903889
尸,41.37085638,1.411590888
尹,58.29200355,5.865088688
尺,38.82667248,1.282578439
尼,58.01394769,-4.039818765
尽,56.41741346,-0.509976213
尾,46.69769687,23.24792464
尿,58.67900872,21.97036866
局,61.58569416,21.41601069
屁,61.02893151,21.38314456
层,47.37745289,24.8523891
居,59.34923059,25.35659789
屈,60.12337408,21.47857663
届,58.18064931,27.37937734
屋,46.86699643,23.7500398
屏,42.59413479,28.11542394
屑,43.15788499,28.07268906
展,49.01209064,24.01529506
属,-41.69709382,58.66066491
屠,-79.2956011,53.53333976
履,-43.95067533,57.44148176
屯,-43.09511475,-15.08568759
山,-35.90600263,13.73149325
岁,-25.10913775,2.513108925
岂,-27.90554774,26.5203336
岗,17.38264867,14.28635644
岛,-69.84280923,-3.976695273
岩,-28.16797361,25.66627751
岭,6.999873015,46.28248706
岳,20.03679689,-41.57145285
岸,15.59521652,15.60230372
峡,8.835296168,45.86452838
峰,19.59261113,-18.59633325
峻,6.662159791,45.18552856
崇,-54.81428632,23.50239394
崔,11.5839128,-6.260529856
崖,-33.00260212,49.35776836
崭,-4.370824155,21.62000654
嵌,-5.637612734,31.47161368
嵩,-19.74181082,86.4134729
川,-23.35969205,14.93419785
州,70.03883276,18.68080855
巡,30.88491034,-101.8758863
工,21.78883644,-1.541202885
左,5.216374947,-16.78443159
巧,47.78171195,-33.72682919
巨,64.38036936,-7.421522716
巩,24.23110215,-44.84694851
差,-12.26659576,-11.80362983
己,37.50724748,20.89177632
已,24.13880482,-3.413592653
巴,33.50116765,21.30372299
巷,-35.25244296,-15.10629507
巾,-20.81709711,14.76355446
币,-3.886959293,-7.265356467
市,-33.49528563,11.59972842
布,-33.23969992,-4.041777801
帅,42.06906413,61.43040347
师,21.21078011,21.20574348
希,1.196806854,46.90016202
帐,21.64075374,41.6158573
帕,75.1813515,-52.13563172
帘,-61.51348076,-11.2562533
帜,32.51753035,-38.80821038
帝,-63.67202306,-15.39496967
带,-72.38945166,13.45185868
席,-78.38999156,7.152284888
帮,-51.46079413,16.37818346
常,-61.12816343,60.33912034
帽,73.04405999,-33.31858443
幅,70.96957211,-32.47631068
幕,-52.84117153,75.4902696
幢,-58.22533695,-64.88573395
干,37.1462041,9.801505934
平,40.43132546,9.794024606
年,-34.86576361,4.254726927
并,-4.054660725,-0.752164928
幸,-59.03998019,-13.33223715
幻,72.7659913,24.72408909
幼,78.92744378,13.20289658
幽,84.48026591,48.89547681
广,-26.14552006,-4.040463885
庄,-84.99609565,9.108089038
庆,-24.60788364,-3.861766518
床,-73.59018893,1.540243184
序,-66.35285416,32.80050745
庐,-88.10850374,-20.24086908
库,-54.49042591,-16.30191836
应,-47.36031691,-18.31033905
底,-84.10468061,8.929170734
店,-80.72046517,-45.37066352
庙,-41.98904976,10.27181933
府,-72.99709104,-0.822016169
庞,-74.10029984,2.241590274
废,-74.3760937,2.739914546
度,-82.80330786,7.078277722
座,-47.57920081,-18.58226676
庭,-83.78589022,9.585972323
康,-67.81087245,31.88405706
庸,-79.93084379,1.985322744
廉,-65.81174162,61.8882769
廊,-79.84918436,0.298886564
延,40.66788142,-93.12762958
廷,40.63331229,-93.16385141
建,-66.83752244,-65.16407402
廿,-11.42084507,-3.005957551
开,-1.195480959,4.854917945
异,51.31626084,30.94604701
弃,-31.7660315,-2.578203123
弄,51.06213996,30.31266514
弊,-20.85486031,38.14857417
式,3.236570232,0.655728978
弓,59.4249506,6.531708883
引,55.42088565,4.351343668
弗,-38.62976155,-13.54108984
弟,-55.68734255,17.29776082
张,18.4172823,58.10549147
弥,15.42461897,20.57040025
弦,23.34480176,72.68326136
弯,-70.98420787,49.22054014
弱,65.08892178,36.2652947
弹,15.74537585,18.72263748
强,45.54153668,32.94467565
归,84.29124598,29.35593385
当,-28.39917203,25.00553011
录,38.96896926,12.14162814
形,43.73786973,8.977792176
彦,-59.08884586,0.177489102
彩,-17.39512314,40.80491881
彪,-9.734609832,51.50673905
彬,-23.40855886,6.63796499
彭,-76.50759708,-13.01461414
彰,-16.20584326,40.67093624
影,-17.88547069,41.68873486
役,49.12367467,-49.56255025
彻,82.56090922,15.2035347
彼,16.72711665,-71.60944809
往,3.65267484,-39.54036819
征,56.61294838,-37.22168831
径,54.16866253,-31.50753263
待,-38.7390859,-72.93460403
很,57.79798145,-54.97423457
律,-89.79551094,-30.0807149
後,13.22023913,-63.82493226
徐,-43.37955647,-34.21020814
徒,-15.2946208,-44.09534862
得,-56.43088559,27.17003132
御,97.14910779,8.595490864
循,-57.93817386,-51.02765582
微,-16.21345,-56.29497438
德,-87.34169069,-28.66123634
徽,-17.93612303,-52.86876847
心,-11.38029084,23.9740103
必,-11.39489941,23.99828845
忆,43.08749395,-25.15479211
忌,24.66695293,8.149426534
忍,25.24671508,6.635904862
志,-29.68280324,30.84948621
忘,-29.74695885,31.51730122
忙,11.68204848,-41.59573376
忠,-27.59817311,-11.16987425
忧,-8.150403873,-54.97032697
快,11.28585742,-32.31741015
念,-34.94407103,30.8836263
忽,-34.62880877,33.36459102
怀,51.41832516,-26.16358069
态,-29.78218991,31.74950594
怎,-27.66111864,-13.35977844
怒,-33.52421825,35.93070889
怔,56.38901114,-37.3574103
怕,74.8662181,-46.34281181
怖,-16.72308043,-70.05747863
怜,-44.45341394,-36.01725166
思,27.86762041,6.167296962
急,-82.29556492,-20.44191603
性,36.24865744,-36.06372808
怨,-34.07303325,36.24711366
怪,53.62998322,-31.1572665
怯,11.06431607,-33.32527547
总,-32.18147958,39.01411793
恋,-28.80584244,-11.26618517
恍,9.791549534,-37.74543637
恐,24.75239418,6.142933863
恒,54.25256434,-57.67936179
恢,14.13778482,-35.97459409
恨,57.70377525,-54.83103537
恩,-32.14494389,39.81840184
恭,-34.64719075,-16.37127587
息,-76.88905145,-22.44911259
恰,8.72707265,-68.68317076
恳,24.94308493,5.340253111
恶,26.03964304,7.359022804
恼,-17.470629,-69.2514596
悄,-30.87856997,-35.67095569
悉,23.02577526,5.833106684
悔,-32.11879873,-69.73919893
悟,49.96388945,-74.13362989
悠,-32.87849967,34.63747551
患,-65.60668328,33.37174648
悦,0.237399401,-62.43190666
您,-34.16869769,33.70915068
悬,28.55357271,2.12461428
悲,-35.75332921,33.50606062
悼,-64.50576228,-52.62450489
情,-52.31842683,-57.00993197
惊,-35.09360143,-63.31554746
惑,-30.46232846,-13.20343263
惜,-34.13375587,-50.55930919
惟,40.00124393,-52.53435526
惠,-64.62873098,57.40967182
惧,66.63723215,-39.72009842
惨,13.47249021,-7.632090752
惩,-34.40932187,37.1159748
惯,66.93476919,-40.43998077
想,-35.92653634,36.65688249
惶,-66.87687061,-59.58308405
惹,-76.92417709,7.702070321
愁,-29.85422044,36.64550108
愈,-29.57565459,39.81478889
愉,-11.53823622,-59.79515242
意,-52.24415505,49.04779508
愚,-29.76790178,43.11020639
感,-5.007539902,46.41008979
愣,-45.75863037,-38.22545777
愤,-37.63675588,-45.1941133
愧,-50.60589242,-39.03493531
愿,-42.26206593,57.3022702
慈,-30.36807846,-13.53631933
慌,-47.6603387,-42.17097511
慎,-51.65244035,-77.5842133
慕,-52.80789954,75.7234688
慢,-20.39753358,-17.73977366
慧,-51.84805575,76.54444839
慨,36.87147034,-77.6028867
慰,-29.27311146,41.42411452
慷,-56.17990332,-51.65677906
憋,-29.55153133,36.76244466
憾,-20.32592318,-60.34234013
懂,-44.81085759,79.70580103
懒,-19.40334537,-61.45698045
戈,-11.32906487,3.898739708
戏,2.777589633,16.21577664
成,0.516430014,28.75823945
我,3.425959018,17.48143146
戒,-2.179247252,23.21054508
或,-2.499411509,23.03243032
战,1.3508274,31.91852529
戚,-5.848104911,48.99424851
截,-46.79390344,7.830616247
戴,-10.29988977,44.44181876
户,-25.00848353,-3.758365847
房,45.4643677,22.6336765
所,19.52293516,34.53268241
扁,-61.28276729,34.51609317
扇,-64.78023346,63.17890319
手,-40.04760717,-19.04050898
才,2.899831102,-28.22406416
扎,10.6449992,2.324047598
扑,32.87190845,-44.30735299
扒,34.03043103,-55.77612926
打,38.97456518,-25.14912532
扔,48.51225051,-40.31019775
托,34.94000552,-46.28368578
扛,39.91769077,-34.7479415
扣,68.30619994,-51.8549776
执,32.5342457,-46.73700819
扩,33.36861822,-55.18601105
扫,66.21933242,-52.92776332
扬,48.10952567,-42.9298787
扭,49.39567588,-69.3396175
扮,18.6703398,-46.89925096
扯,38.66764422,-38.78500755
扰,34.37018971,-48.0461204
扶,22.77706563,-48.26362631
批,35.86321503,-59.33600456
找,34.35734066,-47.2920415
承,40.59328131,7.448634215
技,23.36512078,-49.57485653
抄,29.68303052,-45.4526807
把,46.56203972,-59.94453443
抑,40.19842771,-61.4195967
抒,43.74212447,-32.72009881
抓,33.84149617,-65.338318
投,48.93639495,-49.60712549
抖,17.08340228,-50.0392569
抗,28.32551916,-51.48194582
折,34.47957513,-56.44047878
抚,36.74643963,-47.14730537
抛,33.2017935,-69.75981161
抢,29.33559826,-58.800503
护,40.6167376,-57.88151301
报,53.06585047,-51.3650498
披,18.57452367,-70.40667452
抬,9.361622113,-68.28047396
抱,25.54380105,-56.3390371
抵,35.72963178,-58.98745717
抹,25.8049992,-24.91797876
押,42.86638608,-63.07391108
抽,38.85560846,-61.7755023
拂,-24.89286115,-66.14731962
担,52.37026951,-54.71677385
拆,34.91065331,-56.66353725
拉,13.09488951,-43.66484161
拍,75.57261941,-46.57996313
拐,47.54104417,-61.20347422
拒,61.6667031,-62.84088326
拓,64.77909119,-55.34008963
拔,47.05617686,-49.84141277
拖,26.26492023,-57.55196913
拘,26.28510121,-56.17826927
拚,18.970122,-52.43624362
招,64.79998239,-55.31688411
拜,34.65052925,-22.14376254
拟,33.94252968,-66.16906752
拢,28.62264554,-62.49805739
拣,-35.59109073,-62.0226652
拥,41.43604745,-63.30172165
拦,20.97845572,-40.82444272
拨,15.74166809,-65.52386135
择,65.86433268,-29.90627366
括,10.51385982,-67.21365499
拱,17.2728757,-52.68071644
拳,-61.54070396,59.7919901
拼,17.14419072,-52.51604977
拾,9.473640188,-68.14202696
拿,-24.8226345,68.6179491
持,-37.56993976,-72.66993666
挂,21.98845396,-66.77307247
指,-36.43228487,-53.43823222
按,18.80921815,-68.79838815
挑,29.98277238,-66.91537071
挖,-44.18931312,-62.19781927
挡,55.51122868,-69.04437807
挣,-38.90889354,-60.6285557
挤,-49.23849663,-62.28859017
挥,39.02493889,-68.00222155
挨,18.04276903,-61.94428473
挪,33.94093602,-73.75766554
挫,45.0699851,-66.5229679
振,45.74490126,-74.06941022
挺,35.58595112,-67.0612133
挽,34.20572545,-49.53345152
捂,49.73602709,-74.09176778
捉,43.29619257,-63.16398103
捏,45.67554799,-66.34654822
捐,44.61868325,-57.43856061
捕,-37.12132141,-61.51168629
捞,-37.1334664,-72.4702229
损,43.5980756,-58.09336011
捡,24.23063416,-63.22829086
换,16.80829704,-63.57741218
捣,-43.23437392,-62.47759669
捧,-54.46764737,-59.94039922
据,45.87472871,-73.23803113
捷,-43.65546391,-69.46266613
掀,-15.68865327,-56.94527831
授,13.48705118,-66.86465443
掉,-64.12342342,-52.91093927
掌,-24.87904698,68.71101071
掏,-42.56337587,-63.08032994
排,31.02276037,-68.06774227
掘,43.97588614,-73.2715228
掠,-35.58376954,-62.48094108
探,38.5402397,-68.34381436
接,13.14750568,-68.22134974
控,21.213009,-67.36260752
推,39.80613345,-52.92550768
掩,-42.78513245,-69.82706628
措,-34.2624881,-51.0794075
掷,36.99377175,-68.62138087
揉,42.61311322,-69.89948212
描,22.80975115,-67.41594996
提,66.87641884,-30.47845206
插,46.43882986,-71.69186706
握,39.37305903,-73.67896309
揭,46.48063042,-61.87985534
援,25.73028027,-70.9183409
搁,37.55277831,-70.90640678
搂,19.29371655,-62.48201951
搅,28.57606397,-62.24945171
搏,-55.35650192,-73.58536903
搜,14.64403513,-65.41821014
搞,-45.0648923,-61.36690879
搬,-18.15233575,-55.20897414
搭,-36.40746634,-53.35782977
携,-48.88767626,-64.0484218
摄,51.78246641,-61.77575772
摆,47.10098913,-71.43114696
摇,44.31255902,-64.83830773
摊,-13.50814849,-22.39344486
摔,-39.59876546,-60.83351973
摘,-56.37871727,-43.31435101
摧,23.91768493,-78.727945
摩,-49.70725596,52.8695171
摸,-59.3444153,-58.68415555
撑,16.96784357,-22.17590416
撒,-17.16227546,-56.35970546
撕,31.38986796,-73.19396635
撞,-57.36890794,-64.58179938
撤,-16.90251363,-56.09484292
播,22.92367303,-77.09768732
撰,39.2260914,-73.50928005
撼,-20.42169769,-60.18685933
操,42.58769727,-69.88278599
擒,29.84225451,-72.37438176
擦,-47.6279522,-45.90002183
攀,-51.00090711,10.90584414
支,-3.543337144,16.61594469
收,5.535980597,40.92991492
改,4.978046537,39.89197026
攻,16.09303652,-34.82241948
放,0.507653373,29.92831994
政,3.986508835,38.27120455
故,1.705595472,31.4278822
效,-3.32061947,37.90892615
敌,3.377747409,33.65530148
敏,-4.626641295,39.97679462
救,-0.610164077,35.68967243
教,-3.324397281,40.99734191
敞,-9.67925606,42.91610874
敢,-2.175147901,34.99668407
散,-3.372978848,40.31019843
敦,-4.629483275,41.15964397
敬,-4.679895116,39.16430144
数,-0.940193121,35.31911137
敲,-9.094097478,41.49007641
整,-47.58711215,45.65423479
敷,-10.08903977,43.9993774
文,-13.08705228,13.38907157
斋,-85.66991102,-30.53413292
斌,-29.33199836,-39.95011933
斐,-81.65232548,-5.208995356
斑,5.765072648,-51.06987244
斗,-4.412905367,2.469957179
料,8.924978372,30.076236
斜,8.401027689,30.17787407
斤,16.28177108,-14.07993741
斥,16.57215886,-13.98813327
斩,-0.635961857,53.10735674
断,2.696703332,66.29122614
斯,-6.406290436,34.34684452
新,18.6379928,34.24765221
方,-11.32449439,14.26436786
於,-0.058566298,29.90159579
施,-14.29355342,29.88445247
旁,-58.66250309,-25.34935662
旅,-13.94318627,28.77588483
旋,-14.34866941,29.39141477
族,-13.15829367,29.51513082
旗,-65.8904732,-33.2781908
无,12.69182618,6.605790156
既,70.627709,40.04850247
日,50.87265264,-4.74243119
旦,40.33222124,-4.401899573
旧,82.43074561,49.81404245
旨,-63.46191744,-27.09582809
早,50.87264911,-1.004744918
旬,-23.69795003,-72.10964189
旱,-22.58929414,59.53477575
时,40.89691151,68.09018239
旷,37.12430219,72.42167032
旺,24.99750345,48.63821575
昂,70.91106014,-0.477573639
昆,46.40346174,26.41761581
昌,46.70564242,18.1826967
明,76.26027518,47.53530643
昏,-65.43879974,41.64389183
易,71.43335944,-1.103706797
昔,-37.35294931,-39.43010952
星,14.70609939,-8.676785843
映,29.47770253,75.99463454
春,-88.64870241,-0.894681902
昧,28.94044096,69.92460862
昨,39.69424979,71.74249652
昭,78.00807088,49.85127033
是,28.22772161,11.70279359
昼,-36.87772156,47.80713957
显,40.36868881,21.00651919
晃,45.92882429,13.58162009
晋,-20.26405403,72.03474911
晌,42.13125621,79.62428486
晒,69.13764264,69.85363518
晓,20.73766307,81.18883183
晕,-19.21463628,68.76597967
晚,15.19750941,74.52328808
晨,-26.74747294,80.45719777
普,-93.94926694,-4.095718775
景,-23.53817187,74.01664023
晰,38.78031108,90.34739903
晴,-66.57865845,68.28886472
晶,70.89614355,-0.14439519
智,-64.990537,36.34054977
暂,-66.16738826,42.49061307
暇,51.06915847,87.78527549
暑,-27.61366527,80.51903359
暖,26.29068686,87.09275165
暗,21.04446347,91.2706068
暴,-23.67963626,72.53282676
曰,66.58731365,30.48407412
曲,-26.35808396,-21.65397292
更,-68.44884694,23.48864783
曹,-48.35017586,47.30616041
曼,-24.60809685,74.4957113
曾,-83.38820061,50.71049099
替,-65.51782047,41.91323021
最,-23.35471055,72.99031427
月,59.98179529,5.225692958
有,-54.23275016,-23.68427048
朋,66.21995259,38.98902038
服,15.00451797,46.93087463
朗,70.60645794,43.06241036
望,-34.94377461,50.10564928
朝,79.66976436,22.61215878
期,61.13762531,-17.760075
朦,10.48414495,79.89765043
木,-23.42307478,8.359807594
未,-33.37392393,9.168640398
末,-33.38978644,9.186821845
本,-23.37535524,8.438723174
术,-22.41349716,10.01417661
朱,-29.19507652,7.62834079
朴,15.59708656,23.38634711
朵,-59.48842933,-9.728775357
机,25.76957237,-44.4031202
朽,47.64560647,-33.83748538
杀,-22.08116122,19.91577952
杂,-60.50022943,-10.14671665
权,57.15869474,-49.11816426
杆,43.05554885,-32.11674849
杉,10.04198989,24.56559862
李,-31.85204628,4.274815553
杏,-20.53754182,0.915122185
材,13.07425091,30.39292622
村,13.11311482,30.37616506
杖,19.4078306,-34.40711358
杜,37.95815714,-33.25487071
束,-43.4274616,-24.72574132
条,-57.93746489,14.11405995
来,-38.56255313,3.215795783
杨,48.8277196,-41.35887185
杭,28.98192986,-51.19566318
杯,43.06784782,-32.94780741
杰,-14.4277729,14.60103947
松,27.11823209,-42.36290193
板,53.10268962,-50.9505233
极,52.7982563,-49.20832113
构,27.01522488,-55.22998423
枉,40.60303705,-34.37221078
析,26.03128248,-44.57567101
枕,29.99336924,-50.9502346
林,-1.505978218,1.475047225
枚,19.3206146,-34.44490498
果,41.72878935,13.49423392
枝,23.42963165,-49.74505784
枢,52.16415643,-57.56263867
枪,29.35939507,-58.7604342
枫,51.61072522,-60.41847405
枯,28.56744878,-42.71878948
架,-59.18909,15.82144127
柄,45.66805132,-57.28036171
柏,76.54078909,-46.79943916
某,-60.66478785,20.16709665
染,-58.14583203,14.78527488
柔,-57.2017681,20.87426658
柜,61.92883939,-63.60341165
查,-86.52235063,-7.363303255
柯,51.59570754,-59.48391173
柱,38.1313507,-34.62184819
柳,46.30202771,-55.24363084
柴,-59.1715439,14.2737689
标,42.96994036,-34.99330308
栋,7.755387781,-77.20980719
栏,20.81938572,-40.51122473
树,-62.02287804,-54.87040245
栗,55.29200867,34.47930935
校,11.32275085,-77.27909417
株,25.78046956,-24.54388513
样,32.994509,-24.2783758
核,11.22903523,-77.19791595
根,57.06377328,-54.06960551
格,26.93236142,-40.52219561
桂,38.21248891,-32.78593658
桃,29.81347121,-66.75022962
框,53.36444502,-57.63669097
案,-59.95854933,20.5766725
桌,-61.95578436,56.45010326
桐,46.04696105,-56.76686913
桑,-25.03270902,58.7989547
档,55.5181327,-69.0476398
桥,24.18994664,-41.5815408
桩,30.78919096,-51.4703631
桶,44.21280103,-38.5838418
梁,-58.09909812,20.4725985
梅,-32.43938753,-69.50377132
梦,-35.73342973,-9.747003004
梨,-56.27987782,21.01375412
梯,41.65654602,-45.17599562
械,31.9642222,-69.59721037
梳,10.6447833,-76.28789281
检,24.23079355,-63.21173848
棉,-59.28538189,-55.14131503
棋,12.10289063,-78.34629617
棍,51.40497002,-56.92888289
棒,-54.45644233,-59.85894114
棚,34.16115946,-73.70219053
森,-65.95832175,-8.224436626
棵,42.29898154,-46.05910177
椅,-62.28366012,-54.40308773
植,15.66353526,-79.57401329
楚,-57.37955117,-4.178295395
楼,19.47984479,-62.47681489
概,36.85259699,-77.48663894
榜,-36.14982034,-68.33541345
模,-59.38686852,-58.17120129
横,15.51125081,-79.55372573
橡,-46.98561851,-53.82177524
欠,-12.95326844,8.935511751
次,-8.20408051,18.33101147
欢,-9.108342492,30.16084525
欣,-10.35799643,31.38852025
欧,22.24729232,69.53189355
欲,-4.9408475,31.67211994
欺,-5.499619112,34.41152341
款,-5.99393269,42.12507769
歇,-14.15016564,47.10341817
歉,-8.954014102,36.57547719
歌,-14.18425246,47.18363805
止,11.01135379,-14.07725081
正,22.60083314,-2.45807894
此,9.061739845,9.290891356
步,-18.76650246,11.79965244
武,-40.8028904,33.6886873
歧,2.28885838,42.48813916
歪,31.0737903,17.27933613
歹,51.02353481,6.052912838
死,34.22875473,2.380870178
殊,30.26060456,41.86353665
残,2.231322314,14.61654096
殖,-45.58202837,37.03154648
段,13.77988051,41.40441201
殷,12.6138547,40.36248772
殿,12.41720717,39.27816334
毁,11.22841563,37.397247
毅,-2.042871161,41.53163079
母,50.00818236,-8.378641648
每,-71.23041149,-14.89645033
毒,-71.30326655,52.07251051
比,13.60701429,-14.63813345
毕,-31.19112113,14.69092199
毙,-82.12324267,-32.60728136
毛,3.423582524,-6.808875467
毫,-44.88338577,64.05556741
毯,28.61326413,-35.72797636
氏,14.90030908,-14.37954221
民,23.01668641,13.94592754
氓,51.24597568,60.26345871
气,-56.06741247,-32.61496441
氛,-62.49956759,55.73203999
水,-23.34243679,11.61655465
永,-23.73445437,11.24339544
汁,-1.214402587,-26.94451586
求,-24.09855132,7.86543776
汇,43.26936022,-22.16371683
汉,-11.8764863,-35.80973263
汗,-4.47505922,-28.42386243
汝,-12.59347349,-37.38961782
江,44.6048688,-23.10140538
池,5.95823748,-24.63344416
污,58.80166266,3.5384326
汤,51.41499966,-39.40823546
汪,44.90693955,-23.0278194
汹,-22.97672328,-25.63573209
汽,-56.23010736,-33.45889562
沃,-5.243170692,-28.64212732
沈,-9.187929158,-31.69808275
沉,37.43516552,-18.39008853
沐,-8.301650664,-25.72925638
沙,-10.00984537,-29.40238529
沟,30.22005051,-11.8726756
没,-8.282016593,-37.10986024
沦,-19.72720799,-33.28066722
沪,-21.43983855,-31.2236566
沫,-8.243774246,-28.09139098
河,57.02716607,-9.976077543
沸,-25.67616356,-65.02067253
油,-26.38816985,-23.07507904
治,-22.69508556,-37.35427875
沾,-27.26033692,-23.33899212
沿,-32.04090101,-27.07220034
泄,-18.700601,-32.95948078
泉,-84.63114413,-20.58125534
泊,-27.21146157,-23.29550026
法,-6.91899327,-31.96315739
泛,19.76082688,-9.001662128
泡,-27.30911045,-31.29353915
波,-66.56365615,-35.79415533
泣,9.411908645,-42.01450486
泥,58.00274237,-4.570629261
注,3.508140918,-38.86506195
泪,-19.1759962,-25.5683536
泰,-73.61264406,15.69337226
泳,-10.56845499,-24.98678545
泻,53.47427041,-17.23861353
泼,-12.6430971,-37.55092896
泽,54.84093971,-19.42094738
洁,-22.44435487,-39.178896
洋,-7.800169457,-25.19468782
洒,-19.33178864,-26.27906534
洗,-6.735646459,-32.54161952
洛,-17.96145065,-36.66656659
洞,79.93197499,-3.898029307
津,-90.20530316,-30.1101764
洪,-0.169317775,-58.08003124
洲,3.949766474,-22.47040688
活,-23.06155558,-35.84044755
派,-21.40629623,-31.20022969
流,-66.03299467,-37.83165123
浅,-11.55730231,-33.28936108
浆,-56.03286599,13.22226598
浇,-21.31282527,-83.18156481
测,62.31369569,51.01822322
济,-69.04494676,-36.9471788
浑,53.17546067,-16.89605119
浓,-9.957838341,-31.02549895
浙,-20.81613877,-35.26606602
浦,-30.46699906,-33.48615502
浩,-20.85754241,-38.5768576
浪,-63.50291714,-36.88238685
浮,-3.662649783,-22.48077192
浴,-21.61080033,-36.40679636
海,-56.40510496,-39.08095812
浸,-19.58805832,-14.56254115
涂,-10.43515173,-26.49694978
消,-30.82884691,-34.4335855
涉,-11.49095102,-29.95462005
涌,67.62757561,-21.61368872
涛,-86.17404123,-22.47224179
润,-24.37665732,-27.06101645
涨,-12.44362991,-24.7070603
涯,42.32394662,-16.81546767
液,-64.98413854,-36.87962145
涵,79.70624477,-4.153838772
淀,-27.42056382,-31.78742058
淋,-7.855039154,-5.664850449
淌,-32.47987008,-33.40839318
淑,-13.87935485,-28.29984927
淘,-32.86551297,-33.34948322
淡,-12.01657785,-33.41525667
淫,-4.236234328,-22.60508929
淮,4.844273374,-87.40550966
深,52.57326103,-16.15186685
淳,-68.28571071,-39.12192649
混,73.02457109,-10.62448223
淹,-24.66422538,-41.46176414
添,59.01622132,-7.325288554
清,-71.00560859,61.55025726
渊,-23.29091359,-25.73228456
渐,-14.8769643,-30.37719156
渔,-61.44976781,-37.55000309
渠,-56.09837643,22.71353242
渡,-64.69236543,-35.8477601
温,72.26778878,-10.11394864
港,-27.85147359,-32.96216091
渴,47.62113,-14.28679025
游,-14.95574357,26.6582403
渺,-13.4616374,-25.40382838
湖,81.79378625,-0.709760324
湘,3.716949653,-22.47465255
湾,-71.99789626,48.48228409
湿,72.5216787,-9.879602906
溃,-71.95164536,61.9919906
源,52.24006168,-15.1098411
溜,-17.91869303,-29.46174572
溢,69.96373685,-9.92033881
溪,-13.09732519,-34.76186361
溶,-17.61264531,-36.78763768
滋,-31.71739436,-24.90130579
滑,46.9727072,-13.06582833
滔,-19.95379962,-28.04619475
滚,-15.51873604,-34.42015273
滞,-23.73957683,-41.21917968
满,-62.07729545,-33.13807655
滥,70.55507712,-9.996027763
滨,-70.32870134,-35.55068625
滩,-13.01915013,-23.19043794
滴,-62.05357152,-33.1554327
漂,49.50365471,-14.8712245
漆,-67.60207606,-37.77572552
漏,47.50969017,-14.63695851
演,-70.12995581,-32.87042377
漠,-70.32480641,-33.47881765
漫,-20.39699657,-17.7688111
潇,-24.66173458,-28.24421409
潘,-24.77329483,-36.36841585
潜,-25.3249422,-37.02218525
潭,-31.81887387,68.21317815
潮,81.85721029,-0.672465737
澄,-8.307189154,-36.64959139
澳,-13.5664435,-32.90762085
激,-18.23917529,-52.5301115
瀑,-24.09206009,80.95100865
灌,-71.21644755,60.46200678
火,-7.732550562,9.61025827
灭,48.12013101,5.047052052
灯,30.92340387,-20.62200438
灰,-25.24382815,-6.342411688
灵,44.72228378,14.02230752
灶,36.66006868,-32.47224003
灾,-29.06022811,-2.054545016
灿,88.65140121,-0.898658641
炉,19.23675972,-38.67100482
炎,-13.88910504,5.140912869
炒,21.74884891,-28.40995172
炭,-3.665429254,20.67855012
炮,23.04226713,-55.97114571
炸,22.33250173,-25.72385391
点,-32.82603238,-19.19801075
炼,-34.95487093,-64.3545769
烁,29.11228246,-22.09169089
烂,20.12040306,-39.72016942
烈,42.09509347,36.97867247
烛,21.03829006,-28.45440344
烟,88.29976788,-4.42886876
烤,-35.56940726,-66.17851569
烦,81.75560231,-18.84515813
烧,-21.29319138,-83.55364551
烫,47.32282934,7.845969701
热,-2.235833447,26.22207817
焉,-56.62074181,24.61380179
焚,-36.7136172,-8.498520959
焦,0.458922433,-13.46061875
焰,-33.39676189,-42.62807091
然,-25.43970045,35.25258914
煌,-66.40855357,-59.36751066
煎,-27.70784,40.49680221
煞,-25.34391932,35.25527853
煤,-46.17309808,14.46246253
照,38.27582322,65.3766868
煮,-79.83030474,16.78691602
熄,-65.98002077,-59.15083304
熊,-24.06951536,44.52017569
熔,-33.82235738,-42.82419181
熙,48.96871447,39.86887886
熟,-3.247522141,30.36575877
熬,-26.81248523,36.17301937
燃,-31.12806526,-40.66690301
燕,-76.7115953,-16.12921031
燥,0.488181986,-13.48185704
爆,-24.12896714,80.93779443
爪,-2.330004542,-7.079193674
爬,60.08079077,52.78331146
爱,-47.04696191,30.94719912
爵,44.36358452,22.8719754
父,-12.26610649,4.910758517
爷,-17.93186263,22.98028277
爸,15.99535176,-2.510558796
爹,-23.09641432,45.41273327
爽,-76.38165415,-7.95386627
片,-11.44440581,-3.029264474
版,13.18036101,46.53834702
牌,-0.136553418,79.19486454
牙,41.30775707,0.433958745
牛,-20.83713492,8.714137395
牢,-34.30986984,5.456675673
牧,4.558566465,37.66071184
物,29.52579417,-8.552986538
牲,36.39144117,-35.4271683
牵,-72.92920748,14.42820565
特,1.038131133,47.58296085
牺,79.00414978,-36.43219727
犯,55.16497736,-5.101997581
状,8.58324901,20.58226962
犹,-8.244505775,-56.45540816
狂,42.10975483,-17.04856343
狄,6.977130753,20.23628117
狐,8.292612326,24.77127103
狗,28.13080916,-8.362178327
狠,76.25456045,-24.95397066
独,18.05981295,-26.79009361
狭,6.539243418,21.41067134
狮,80.8056044,-33.77415794
狱,11.82155707,-19.76995956
狼,4.992796503,25.86961787
猎,-30.74907405,-51.59364325
猛,33.84917353,-92.30407553
猜,-66.58987555,68.18624657
猪,-30.51323796,-51.65057414
猫,-2.192437592,62.80096239
献,-9.834183719,67.59105377
猴,45.44180829,-75.39504558
玄,-5.707851944,17.8971194
率,-60.57290051,-14.17653438
玉,32.25920385,18.0538656
王,31.66710076,17.47308496
玛,33.84989622,-4.354975037
玩,38.42627002,0.926667853
玫,15.84053686,-34.93939949
环,50.778425,-25.36539291
现,60.81447429,-46.14092463
玲,-44.36377084,-35.60938402
玻,18.27505666,-72.27838492
珊,33.06640956,-75.44424641
珍,-2.15377453,-39.90438157
珠,24.70003208,-24.54490738
班,5.529403907,-51.12832197
球,23.670868,-24.51724239
理,60.97778787,-33.38280025
琛,50.93509956,-23.00097731
琢,50.94265535,-23.40712879
琳,-9.200841081,-7.065750162
琴,-6.904465756,26.46411514
琼,-52.16370509,-39.10564437
瑞,5.425920194,-57.66302514
瑟,48.23811608,32.09333612
瑰,-51.50762468,-39.04691106
璃,-87.05096807,-26.43725255
瓜,-2.100800484,-7.005817744
瓦,36.06244801,-17.63140782
瓶,57.48672309,-6.355315303
瓷,-46.97382256,29.57342851
甘,-19.60249595,23.59476387
甚,-87.26183223,-2.13880575
甜,4.430884181,33.92412534
生,8.276786991,-13.19766539
用,59.5204618,8.102458484
甩,45.01030755,-3.854256759
甫,-54.74620922,-27.41842171
田,65.92848107,31.05683818
由,-18.25504898,16.4973106
甲,58.86656378,9.07072497
申,-30.41433662,11.03034195
电,-30.4807212,11.60459349
男,53.15490723,32.05077504
甸,-23.61631108,-72.12677202
画,84.26224012,44.18651776
畅,48.28251501,-42.92729566
界,51.0119319,30.07670914
畏,44.77161913,16.10654182
畔,24.58059681,-19.87016187
留,-20.19782526,59.52913514
畜,-91.89858201,-10.79414761
略,4.125399375,67.45381707
番,-82.20043223,40.30224483
疆,-39.92752758,74.5565061
疏,6.804224974,85.07310748
疑,52.68715215,39.96043141
疗,-28.81418766,-60.93835477
疫,-80.11102119,-8.507626077
疯,-76.57116946,-19.49714948
疲,-63.26929817,-41.23284639
疼,-28.40671149,-61.39549931
疾,-80.59648612,-7.966995977
病,-58.55491774,-30.92390936
症,-62.9800716,-42.14960097
痒,-64.83519956,-5.509768867
痕,-86.1724927,-2.247008181
痛,-87.11141067,-32.26782061
痴,-26.91939568,-63.37777863
瘦,-53.5073488,-52.61645382
癌,-52.78324785,-53.91427887
登,18.24873652,-4.667667476
白,-16.65837603,17.28941661
百,63.38559171,1.719055566
的,74.76581302,10.65164541
皆,-38.37799433,-39.89670503
皇,-89.02435171,-7.011381647
皮,-24.83389908,-6.948148895
皱,-10.14583944,35.41232023
盆,-6.758700764,-14.5405754
盈,-4.497176182,-14.937591
益,-7.212871439,-12.79229372
盐,-9.497769453,-13.89901743
监,-10.98907856,-13.42743082
盒,-6.049528533,-15.16420953
盖,-12.49727648,-10.44651735
盗,-8.081426272,-15.0256326
盘,0.21924844,-50.94342833
盛,-11.83917157,-12.70338178
盟,-4.156053353,-14.96479726
目,62.42442393,1.479259666
盯,25.60278743,49.45879963
盲,-91.09926181,-9.400686337
直,-96.49429605,-5.909908276
相,68.39792511,-51.76707549
盼,38.52823722,68.01527042
盾,-68.93066119,31.38203345
省,-93.40910949,-3.394631492
眉,46.81259036,20.42801965
看,-68.41792529,56.57359579
真,-68.00146739,54.99915465
眠,51.23551358,60.41765758
眨,18.55176273,64.79952082
眼,53.40454269,62.87003845
着,-18.97526365,43.70361268
睁,26.03465017,80.95147099
睛,-66.28758822,72.91737389
睡,31.31828827,99.01765236
督,-47.98970466,47.06233209
睹,21.05861249,91.36182994
瞅,41.09285534,89.32718032
瞎,22.27599752,88.14123669
瞒,45.70733945,84.91616157
瞧,28.61238169,85.48727423
瞪,28.6875581,84.83898311
瞬,25.68915818,85.24943623
矛,38.05800963,6.081213026
矣,-51.16449399,5.207076735
知,69.73148246,17.06859587
矩,58.80126209,44.43707722
短,58.79127412,44.56456568
矮,19.20087576,-29.38869912
石,57.72418565,32.16107228
矿,-11.78421009,33.69284954
码,33.60251732,-3.976168671
砍,-10.78605964,32.53101944
研,49.10171964,-6.739506201
砖,-19.32920167,-46.82531936
砰,81.69262778,-14.41381594
破,-10.97477765,33.91817061
砸,-41.643111,42.60005599
础,82.56646116,-12.73836913
硕,81.11055831,-15.46374186
硬,79.88877726,-15.47087835
确,-16.53335277,37.80874184
碌,-21.6141751,28.83115772
碍,-67.49509708,63.506921
碎,-20.56499169,28.74637445
碑,-0.973029484,79.66697074
碗,-43.02388553,41.46615142
碟,-21.97186713,28.85178491
碧,-67.18613303,-22.87383038
碰,-41.65064432,42.17037307
磁,-19.78728044,-47.34511721
磕,-40.49177101,41.24401646
磨,-60.71594559,45.52716942
示,54.57851221,8.140945205
礼,10.6377961,2.341331294
社,38.86562161,-37.09783302
祖,62.85012557,-63.33671318
祝,57.89365779,-48.74310889
神,27.2464089,-25.55201447
祥,33.03651738,-24.20521178
票,-30.19017731,55.81879608
祭,-59.10773753,16.38164571
祸,47.53747539,-61.55236234
禁,-55.29882936,4.239750498
禅,41.42029976,-44.86463476
福,67.2296762,-30.64540869
离,-86.23014927,-31.41629546
禾,-27.48339428,16.71631104
秀,-33.86065293,23.23251467
私,9.444720761,21.46219227
秃,-34.01546714,23.74759027
秋,6.571591429,19.88365138
种,26.45872447,-31.9165562
科,8.9128461,29.47337671
秒,27.02186122,-32.4025205
秘,28.08090364,-36.46133789
租,62.96612967,-64.75297693
秦,-77.89509722,16.19322793
秩,24.30864163,-32.5306536
积,32.22943607,-38.00885881
称,27.88853434,-32.75165859
移,26.40143403,-35.31429741
稀,28.41476003,-33.82358295
程,43.41720831,-37.81974455
稍,29.85439197,-34.69883873
税,31.92345903,-37.46452311
稚,25.23647309,-30.14408765
稣,25.75037528,-17.25788122
稳,-46.46869626,-53.4049822
稻,31.47362077,-34.59031706
稼,-31.24476376,-63.16096579
稿,-45.75909329,-60.44141459
穆,25.55741113,-35.37080354
穴,-6.984141032,16.67365396
究,-78.49369212,-4.662699629
穷,-74.36511492,-6.522798569
空,-84.01384006,-5.632773133
穿,-73.45403206,18.01348715
突,-75.893231,-6.541438679
窃,-74.70836633,-8.768610135
窑,-91.95838257,-17.87215948
窗,-93.59092517,-19.83816948
窜,-60.22317686,55.77325376
窝,-57.31552596,57.44075502
立,-6.62737226,-0.615977654
竖,30.39646016,24.04337591
站,35.02469462,36.34073521
竞,-79.43984435,-26.00940445
竟,-89.09281088,-10.35579144
章,-52.31279379,49.16304059
童,-50.84842066,48.99062876
竭,44.59299585,47.52501541
端,48.47110121,76.86869557
竹,10.71070594,25.50844616
笑,-42.95458715,-7.410496139
笔,-63.60429094,-7.533645139
笛,-36.71535236,10.29629327
符,-82.04122924,-29.65588397
笨,-68.11999339,14.06183871
第,-55.05437686,3.453860136
笼,-81.59334422,-32.20716563
等,-57.38993771,0.912522121
筋,-68.89737665,3.315331228
筑,-67.88923902,13.42846496
筒,-65.31363388,6.860063169
答,-64.99495932,-21.84310134
策,-56.46678085,1.929865949
筷,-51.08658792,-60.9435597
筹,-61.18419984,-19.58468997
签,-54.61223545,-4.217848924
简,-65.38525471,6.858595537
算,-65.26085803,47.82615379
管,-80.6925412,36.73414901
箭,-67.54765042,6.76484199
箱,-52.84886367,-2.2375634
篇,-72.3344655,-23.44592065
篮,-76.94158058,-37.75010197
篷,-46.07397181,50.9346588
籍,-86.25684855,29.47037118
米,-28.76232143,15.61291988
类,-16.22926376,4.010719552
粉,29.97773072,-39.79408688
粒,21.09903904,-35.08370248
粗,63.07799465,-64.21097328
粘,75.221145,-52.15426441
粞,79.8199354,-35.80567577
粥,83.40988318,58.88277482
粪,-21.18277167,38.38578285
粮,3.854255932,25.17988814
粹,8.551707405,-77.24033454
精,-50.1496496,-65.88772504
糊,49.34660471,-44.77502496
糕,25.54192639,-19.35641751
糖,-58.52855721,-54.05157488
糟,-50.27947976,-66.1737317
系,-56.91939081,15.50947583
素,-25.85022823,58.39171006
索,-58.59943247,48.49140227
紧,-25.13858429,57.24348484
紫,-54.41077086,11.5219846
累,-24.0104083,59.51890385
繁,-24.8313869,48.97735396
纠,-12.796436,-97.39259257
红,30.85013243,-20.16107829
纤,-18.42056018,-92.31585401
约,-13.35802681,-97.84316107
级,-18.02686058,-103.3738517
纪,-19.58773314,-105.1023772
纯,-16.03086994,-92.76834155
纱,-18.16819547,-93.02175949
纲,-11.36767424,-101.9575242
纳,-12.51393118,-99.77373455
纵,-21.44303808,-102.0653089
纷,-15.32558533,-98.45133416
纸,-21.61219343,-101.2853867
纹,-20.50374579,-93.53953923
纺,-14.16266002,-98.05439428
纽,-15.87460994,-100.0869641
线,-21.01317382,-95.04675269
练,-24.07606598,-92.22746777
组,-16.25955685,-101.5274282
绅,-16.16933191,-91.60679678
细,-10.77366778,-103.1939364
织,-24.00629704,-102.8763327
终,-22.22403762,-95.35692962
绍,-19.08337919,-105.682298
经,-16.24694769,-104.5003141
绑,-21.77205789,-102.9439064
绒,-19.07851528,-101.5937045
结,-28.5753588,-95.93456183
绕,-21.21706562,-85.89706517
绘,-24.37416827,-95.73694532
给,-27.97684312,-96.15653186
络,-27.65029511,-95.67914451
绝,-15.53455625,-93.49221003
绞,-21.61920661,-88.17574454
统,-21.38354554,-87.58862531
绣,-23.28202793,-96.92402288
继,-21.52505427,-99.31960504
绩,-25.24589246,-100.7170585
绪,-26.40270386,-94.40448977
续,-22.08491236,-88.80267398
绰,-19.14842477,-97.15871537
绳,-14.64864444,-104.5686645
维,-17.1464134,-95.44962933
绵,-18.43330189,-97.55374799
绸,-11.704328,-102.0866558
综,-24.20419902,-91.92542419
绿,-14.88842077,-104.7887029
缅,-9.806112464,-101.1730961
缆,-20.05251705,-96.83645013
缓,-24.83198334,-101.2529836
缕,-18.29419549,-94.74366068
编,-24.37355478,-90.38248768
缘,-23.71082579,-97.50121333
缚,-24.59322166,-98.18683983
缝,-21.29035203,-98.7089758
缠,-20.1114213,-98.06059673
缩,-22.65306332,-94.0781348
缴,-19.76992327,-101.235489
缸,-6.367615051,60.07476553
缺,3.399404355,30.82375993
罐,-58.61009942,-64.98939171
网,73.26240519,40.80702761
罕,34.3675185,9.542352714
罗,52.1382415,5.984205689
罚,74.46009086,31.46793325
罢,55.05988498,28.61098052
罩,-28.80464152,68.60341037
罪,50.18341475,24.27146133
置,-36.78175447,61.27598087
署,-80.55485738,52.64446031
羊,-25.95863588,7.206986919
美,-93.99810148,19.49911038
羞,-95.17702826,-5.171767133
羡,-93.3717315,6.485136112
群,3.147788202,8.511200093
羽,66.13258526,38.71148679
翁,-68.32587255,4.806186311
翔,73.7122733,24.44607409
翘,79.86936474,4.02521595
翠,32.59269195,9.11668133
翰,8.715501237,51.74087317
翻,79.93527771,4.175537765
翼,-34.52317447,61.46824748
耀,54.05217408,56.82289981
老,-33.24374495,-18.52602344
考,-56.21765986,-23.99612868
者,-56.8570946,-23.17486522
而,63.79353454,11.46864706
耍,-23.91519945,51.49190004
耐,44.11545287,39.51697279
耕,2.016838438,52.67340451
耗,31.30260964,-31.43665004
耳,55.24969681,-1.525345451
耶,56.77692618,14.45005435
耸,-19.13901586,68.74069113
耻,18.81752873,53.50083782
耿,16.71793938,48.3408769
聊,61.02984262,52.07933558
聋,-55.30699858,58.22312188
职,15.89570526,47.37552306
联,16.89567756,48.72633221
聘,-6.966328082,74.05645266
聚,-26.43748379,48.58544395
聪,-5.873972572,72.21613182
肃,-69.21700685,20.93512213
肆,-24.2361838,29.20617916
肉,73.37146193,10.20167644
肌,14.81566294,43.17525211
肖,-45.22046071,-33.04061946
肚,20.69049431,52.13919718
肝,21.08901554,50.00539355
肠,18.73088505,78.37141824
股,14.66558631,42.35175514
肢,19.95076146,48.27025564
肤,21.89007181,58.15545946
肥,12.77134155,60.6984065
肩,-66.01572034,62.58291801
肯,-77.01600526,-21.01840787
育,-79.17452278,35.04879107
肺,11.15851783,63.64521842
肿,41.76542246,61.52524676
胀,18.458825,58.11379222
胁,11.23102114,75.75461713
胃,-56.38506275,27.26443939
胆,35.44318217,28.68070613
背,-83.6515522,-24.9580072
胎,8.609668126,66.46604398
胖,20.79140595,49.58965466
胜,20.42698753,52.78542939
胞,12.34146221,61.00397029
胡,72.49384926,17.98715489
胧,12.56242757,77.7193234
胳,7.377688203,66.99783354
胶,5.29298311,73.96836394
胸,17.9469262,76.16682669
能,-8.754242717,51.7408483
脂,-3.028114305,68.00204166
脆,9.267079956,72.83997305
脉,11.80855418,78.31887127
脊,1.038412313,8.261605213
脏,23.85325885,76.12816088
脑,24.13856126,73.09386418
脖,9.05148422,81.60016944
脚,18.45197689,77.88228658
脱,13.89824893,74.48232678
脸,13.79475891,66.86492757
脾,0.231476005,79.12860098
腊,-3.011680877,68.03085628
腐,-79.86191073,1.214533623
腔,11.93583989,64.85110852
腕,16.41532695,75.55530612
腥,12.939099,70.0905119
腰,5.987913481,78.72755452
腹,12.40173257,72.81156066
腻,9.430610625,76.95756335
腾,27.86213182,89.62410174
腿,7.928690134,78.76099901
膀,2.090703414,77.46580719
膏,-91.68338907,39.01662817
膛,12.93460227,70.07134138
膜,8.116844904,75.60459963
膝,10.43139709,78.2942872
膨,9.839945023,77.43454894
臂,-43.10682714,49.26128029
臣,35.64504844,28.20185557
自,-80.65378369,-45.43159114
臭,-81.63797953,13.65858839
至,30.30599466,13.66377104
致,-1.99629794,37.23645034
舅,-18.93050677,86.69421259
舆,-73.26389799,40.47736306
舌,64.01922366,-0.111483278
舍,-39.35498102,-44.25227824
舒,26.88343881,-17.7644153
舞,-59.76352322,41.48864841
舟,-20.49678142,22.57234802
航,-4.48360711,50.62549111
般,12.05281282,41.09312056
舰,14.54326896,53.50272571
舱,12.04229717,52.39087717
舵,-5.335829578,50.00975115
船,11.1686985,41.60407423
艇,4.755600557,73.63547341
艘,14.58788096,53.47237436
良,-51.01004244,-30.42632512
艰,76.96321527,-24.72352766
色,-50.06894043,-11.82312105
艳,27.06945567,-39.26115645
艺,-34.09322727,-16.60860155
艾,-37.09802679,-7.926017172
节,-39.0517797,-4.552007865
芒,16.44800172,-2.087016967
芙,-42.17519432,-7.107205957
芝,-39.72203979,-6.451639407
芦,-77.0648117,7.819596485
芬,-39.88146265,-9.272439684
芯,-29.80434784,-10.64423407
花,-35.84706881,-5.9384275
芳,-40.72476875,-5.781217907
芷,-35.18508097,-6.069098865
苍,-64.66182295,-7.244636858
苏,-39.79895644,-5.436065196
苗,-78.37778223,-47.369148
若,-43.16373541,-2.97966705
苦,-43.23998801,-2.997061823
英,-41.9413533,-10.31619808
苹,-38.03649078,5.206954254
茂,-73.18881942,1.17148203
范,-32.90486262,-16.0511031
茅,-65.63440789,-12.19126379
茫,-32.19711952,-8.308565803
茶,-57.74390692,13.15950481
草,-76.50818341,8.636064774
荐,-59.01861838,-21.4997054
荒,-57.88483269,-3.713110258
荡,-66.28626504,-11.31837544
荣,-65.92134378,-12.75252083
荫,-68.04495151,-1.360472092
药,-69.68278817,0.169148262
荷,-58.4772508,-20.1136729
莉,-68.05588641,-0.268880242
莎,-61.95499253,-3.112808607
莫,-70.53647517,-21.10991265
莱,-65.92288892,-13.98054138
莲,-59.99015038,-20.16029032
获,-61.70322138,-2.505431989
菊,-66.64612584,0.678001239
菌,-71.03414273,-18.81606621
菜,-53.89392776,3.879333958
菩,-66.79853946,-17.94366724
菲,-64.83438771,-5.003086952
萄,-52.76120897,42.17458407
萍,-59.48793963,-20.38566612
萝,-82.19342307,-17.01479207
营,-89.02901295,-9.960987955
萧,-66.24714825,-14.56893746
萨,-62.31201946,3.475020675
落,-54.29701547,43.01686389
著,-80.42146293,36.42348661
葛,-67.15572005,59.22323772
葡,-45.26956391,52.47132906
董,-44.41199158,79.46431239
葬,-74.6113419,-16.43773983
葱,-39.08898272,40.11346039
蒂,-57.38358591,40.51064689
蒋,-48.87299821,1.343308829
蒙,-55.44858234,53.87345787
蒲,-78.54389654,34.4563741
蒸,-75.02948475,-16.41563048
蓄,-49.69911211,49.94256064
蓉,-68.08865992,-19.42723899
蓝,-76.95213751,-37.76212413
蓬,-46.20720378,50.91859021
蔑,-83.46272506,-18.63933977
蔡,-58.1458771,50.31151284
蔬,-60.55160235,-1.44806617
蔽,-60.09831899,-1.257952334
蕴,-71.50545934,-22.03286691
薄,-44.30411986,75.08459952
薛,-61.47184868,3.924178746
薪,-53.45787798,42.67373076
藉,-86.25695919,29.46186377
藏,-55.3170853,44.35010021
藤,-55.37589788,53.92253871
虎,-10.43159384,51.47452973
虑,-35.43831161,29.9162834
虚,1.138847445,-17.94309363
虫,-17.71484263,16.53788112
虹,39.68805975,-30.36246594
虽,-37.84956798,57.09319726
虾,40.12701883,-29.90567022
蚀,17.9516063,-27.15076971
蛇,32.41982343,51.51867851
蛋,-21.19633841,59.52346185
蛛,25.85886648,-22.94320007
蛮,-86.27152465,-5.666882783
蜂,19.57516162,-18.59521633
蜜,-68.5617234,48.59650698
蜡,-10.69238691,-78.71543937
蝶,-26.77852901,-60.88937909
融,-14.71139935,48.12834348
蠢,-41.68565877,75.43890929
血,-12.76587717,-14.8415193
行,20.72486516,-10.75481884
衔,-75.26533404,-48.89521424
街,-75.87661949,-48.54985723
衡,-16.92822722,-6.564155359
衣,-6.757019556,17.95976787
补,32.60330972,-44.13969258
表,-80.92563145,-16.23371478
衫,30.16399726,-44.3572535
衬,15.88842398,-49.71306718
衰,-61.3823751,54.53828987
衷,-80.98631852,-16.20746666
袁,-64.44545573,34.7554778
袋,-19.46003817,21.65336263
袍,25.28294446,-57.39489281
袖,78.01202728,-46.63573747
被,18.83470275,-70.82058409
袭,-32.10045991,-12.48713011
裁,-46.79648764,7.824818241
裂,-16.68721381,52.27499318
装,-34.87630697,-11.01242029
裔,-56.46351326,57.6790642
裕,8.011457272,-65.64144039
裙,48.25823262,-74.08831624
裤,-60.94328901,4.75695342
裸,42.7186896,-46.63118681
裹,-43.23807561,62.25104881
襄,-42.26715459,62.3649122
襟,-26.85019188,-58.1009348
西,63.89684052,11.51344779
要,-23.89646307,51.54268914
覆,-28.22167809,81.84495612
见,47.12257253,0.682169817
观,60.45832921,-46.62981035
规,60.63393545,-46.52419334
觅,40.48501609,-6.346612692
视,59.41515175,-47.60341071
览,-79.18934181,-27.91677231
觉,8.332053004,-2.009773932
角,-57.89496624,-30.1217167
解,59.18663167,53.37635873
触,67.11359774,65.85578666
言,-91.42179368,-17.99083581
誉,-54.874867,63.94243321
誓,-38.04943427,60.68935173
警,-42.7856154,79.62238303
譬,-53.77510978,62.97038319
计,-3.826263034,-28.36881207
订,-1.773702749,-45.35571526
认,8.318829707,-36.34162635
讥,2.670068935,-47.6545987
讨,12.4413348,-49.87826618
让,1.146826016,-40.17223324
训,5.086638033,-22.10366063
议,-6.963570469,-41.19076904
讯,51.05200337,-5.099020721
记,-2.577634704,-47.87322831
讲,0.43802387,-57.44518586
讳,-40.59139449,-29.76187564
讶,51.60059199,-8.78951489
许,-3.768983935,-36.75330892
论,-1.577127774,-41.87856498
讼,-3.466461926,-41.27434855
讽,56.59151963,-11.56896794
设,-7.299398354,-38.74136684
访,10.15795648,-48.36145703
证,57.71286586,-36.57490898
评,52.46720198,-26.0335351
识,56.79876475,-12.47950131
诈,-0.611807316,-35.59004739
诉,0.184019537,-44.87573964
诊,-2.555298032,-40.74069274
词,76.80792539,30.89770601
译,54.94828658,-19.54127609
试,8.400801667,-47.6211636
诗,-18.47480196,-45.6057256
诚,-18.61569997,32.96812066
话,63.28614829,3.251855905
诞,1.540610877,-46.29524449
询,-22.32097244,-72.41254617
该,-8.813635898,-41.40029945
详,0.231304187,-30.72725147
语,-16.22200732,-39.040307
误,59.59571832,-13.77043292
诱,9.082019078,-48.13279794
说,0.236603828,-62.3988309
诵,67.6243949,-21.61435746
请,-51.62180603,-48.55331865
诸,-30.39479043,-48.33686373
诺,-22.94897029,-43.17885382
读,-9.434112878,-41.77386325
课,10.97311684,-55.98586805
谁,4.809282986,-86.97108414
调,7.559652559,-55.48260692
谅,-56.23916773,-39.09172975
谈,-7.903598449,-40.34731514
谊,-53.85920036,-31.84325777
谋,-85.662032,-24.74896629
谎,-47.79772007,-42.43871392
谐,-27.87986833,-46.6659402
谓,-70.37523835,62.06104526
谜,0.450571389,-44.93383076
谢,-19.47358665,-54.69274732
谣,-16.88523493,-38.0383283
谦,-92.02442766,17.65578583
谨,-51.12706776,-47.6932887
谬,58.80148029,-14.07295539
谭,-31.78766286,68.22205157
谱,-27.02465967,-46.99760149
谴,-18.6128977,86.76886165
谷,7.511324238,-63.07107646
豆,60.80783536,17.86179739
象,-69.71560395,20.39652868
豪,-42.54950368,62.95439463
豫,-47.09444587,-54.06031398
貌,-1.320445952,76.87674998
贝,47.34263388,1.289546018
贞,-45.13354726,21.35336165
负,-45.18750888,21.54767913
贡,49.58406049,3.267120569
财,14.35677045,32.41317026
责,-48.42944739,25.47221905
贤,-42.8413712,25.51918492
败,6.240541155,43.07996964
账,22.10711756,41.87660264
货,-43.3942393,24.00275152
质,17.29394211,37.69681243
贩,2.723094415,60.47716484
贪,-45.30175266,23.83564713
贫,-44.93744172,25.40740447
购,30.83690341,53.71865605
贯,-41.69769167,25.43535152
贱,4.500408376,60.54531855
贴,75.87172987,-53.23638641
贵,-60.69464377,30.48844438
贷,-43.08360877,24.00428349
贸,-43.13728678,27.26067675
费,-50.06818356,24.17571817
贺,-45.89295427,26.58440312
贼,23.01290007,42.51121319
贾,-42.84709474,27.60878872
贿,30.22614542,54.40956677
资,-46.57341459,27.11371907
赋,2.992767397,60.16400817
赌,29.91338872,54.77114884
赏,-39.91448763,23.22550918
赐,43.84712243,44.81163491
赔,4.263392398,68.09310793
赖,6.252533319,49.2192603
赚,25.371195,64.01121193
赛,-53.27966823,73.79089374
赞,-47.35640698,26.86544601
赠,6.034666091,65.07385742
赢,-45.93115473,64.63378269
赤,-5.89222232,21.95601397
赫,-28.96649157,-62.29948652
走,7.238913359,-6.526317822
赴,19.33104843,62.59695752
赵,-10.11023121,58.74395881
赶,-6.547382442,60.03772132
起,-8.648993391,59.70114107
趁,-10.55284643,58.9913565
超,-10.66014672,60.37426153
越,-11.59441621,58.40161461
趋,-11.50953928,60.11118593
趟,-12.0820193,58.03051947
趣,84.47360849,-38.88854147
足,29.80676467,13.03866953
趴,20.28081196,34.63099699
跃,25.29692177,57.08026604
跌,26.09113045,58.3784417
跑,34.98351832,55.0805076
距,59.01381823,42.19177056
跟,54.44801846,63.46474511
跨,27.72457017,60.69799832
跪,6.038178175,61.73358756
路,7.054543955,67.75864231
跳,38.6812558,53.37262062
践,4.846612912,60.71711237
踏,32.16495794,58.84668292
踢,44.10729185,45.24328794
踩,26.90936015,59.16622518
踪,27.56215396,60.2306225
蹈,34.73013208,60.79851434
蹲,27.05963034,62.97341683
躁,48.39510994,40.67453897
身,-83.99712182,-22.97877197
躬,79.65321223,22.72994782
躯,11.49883701,54.71263648
躲,12.4595284,49.33887586
躺,10.49495625,54.00842386
车,-37.84952184,4.451527233
轨,1.202706852,52.3314964
转,0.725886244,48.72129592
轮,0.083461974,51.88642723
软,-1.681426711,48.51528101
轰,-70.65296176,23.96197388
轴,78.76752082,-46.42270161
轻,43.4887777,-27.90020168
载,-41.27045813,33.6787587
轿,1.264071176,52.92564855
较,2.606298296,50.09231198
辅,79.90407912,-45.9939656
辆,82.01776777,-38.05395652
辈,-27.19681785,58.48389573
辉,57.81318531,54.11594992
辑,-1.604675657,55.34399348
输,82.15122681,-38.13654595
辛,-31.58826715,6.617797542
辜,-63.95280817,57.4668152
辞,4.372387994,31.1488508
辟,-12.98789132,39.2339824
辣,-30.68645588,-64.4029096
辨,-39.97609531,17.91515753
辩,-39.16935253,18.13127751
辫,-39.86616708,17.98875002
辰,59.19513329,24.88820872
辱,-26.61337919,70.68189977
边,32.85437709,-103.0745103
辽,44.15076642,-23.86274726
达,33.2017383,-102.22185
迁,35.48686013,-97.62998477
迄,26.49690382,-100.7756119
迅,30.5650356,-94.98619434
过,33.9099252,-103.9906146
迈,29.92246811,-96.43817739
迎,30.56808914,-100.3626798
运,27.87424057,-96.58614227
近,29.29060011,-98.77690027
返,32.04336039,-98.29506082
还,33.72966619,-97.51682105
这,31.45205281,-104.4714898
进,4.677062885,-51.77856401
远,29.22770321,-96.51491566
违,-30.14043129,-59.28845476
连,-8.554698158,-16.54518742
迟,29.7225112,-98.59525419
迪,36.25371188,-108.0911143
迫,36.22120317,-108.0593692
述,35.34194963,-103.7639967
迷,29.69167741,-101.1103573
迹,20.92188251,-99.19361442
追,30.98160732,-109.2871233
退,34.36758176,-100.214478
送,34.45961518,-102.9040847
适,26.02633013,-99.54635545
逃,20.91781921,-99.15241188
逆,30.15787801,-105.2434686
选,32.58894288,-106.3556636
逊,2.070200522,-47.11868644
透,30.56814408,-103.6360397
逐,31.82786332,-97.57114487
递,29.78819907,-107.5377299
途,35.02831795,-102.2845491
逗,32.63073136,-100.1679761
通,32.83850131,-95.66346009
逛,27.8649312,-103.6794208
逝,28.89005648,-102.0749727
速,25.05582637,-99.00160004
造,31.20389901,-108.9627019
逢,25.69043641,-102.5300964
逮,36.12706666,-101.3098205
逸,24.16720952,-100.095245
逻,31.99297215,-96.68784844
逼,26.10188135,-107.7461616
遂,30.77850797,-104.6707899
遇,26.71197169,-109.139436
遍,26.24486075,-107.9855556
道,24.52258515,-98.05446926
遗,23.59130211,-106.4563479
遣,33.51505255,-107.4776717
遥,11.28141708,-55.84101954
遭,24.23627454,-103.9184321
遮,21.614419,-102.0355209
遵,21.21845915,-102.8857006
避,26.89186036,-104.3201106
邀,25.33091747,-105.8522536
邓,52.78941182,16.23387353
那,56.99970319,15.31932623
邦,53.87051385,17.37730152
邪,56.06684707,14.37789838
邮,17.06925266,25.54745658
邵,56.41031625,15.98619102
邻,20.51218985,24.06791062
郁,19.78148192,24.69884107
郊,20.72335141,25.69213618
郎,54.51295074,17.43731528
郑,21.13582566,23.44153703
部,20.21235987,26.41258757
郭,21.69130607,26.31201058
都,19.03916896,25.46407561
鄙,93.45383261,13.94723706
配,23.06777609,67.90913996
酒,-19.54888195,-27.13128047
酬,56.75084503,76.31114927
酱,-38.89719895,58.24598066
酷,56.03375406,75.48469882
酸,57.46068416,74.1049153
酿,57.98545994,76.12934295
醉,57.68454533,75.57316625
醋,59.09024409,74.95991651
醒,58.87024621,76.70459225
采,-57.82612309,-10.19003338
释,43.64666806,-29.48531621
里,27.93915615,18.00750109
重,-66.41497872,56.91894823
野,46.82300837,32.5478981
量,-41.90827455,81.09583615
金,-39.15205704,-24.42602805
鉴,-49.64128484,-19.85733145
针,37.18210498,-25.3354323
钉,37.95789904,-25.03414569
钓,-5.467208224,-79.87312269
钟,-10.13783547,-71.89575824
钢,-1.119704897,-77.00443335
钦,-0.254422252,-69.29818295
钩,-5.644449544,-79.5580358
钱,-5.88954614,-71.45057593
钻,-8.629578754,-75.62657613
铁,-0.549748775,-70.28915004
铃,-6.766695106,-71.01794831
铅,4.300627265,-66.66629508
铜,-0.95840118,-77.17000812
铭,-8.851338666,-68.52448186
银,-3.007938023,-73.4650264
铸,-11.47251521,-65.80195552
铺,-12.50922123,-73.45589637
链,-11.27801163,-66.48759325
销,-8.689757438,-77.12505608
锁,-11.97466688,-72.49280787
锅,-1.909804153,-76.19755157
锋,-6.561440879,-70.07466758
锐,-7.083706027,-71.93680697
错,-9.404170774,-77.65443666
锡,-7.33626412,-77.34147858
锣,-4.483474659,-70.51943336
锤,-5.058578758,-72.77874999
锦,-12.14900271,-71.35997423
键,-12.03905397,-67.76470597
锻,-2.587138991,-72.27288299
镇,-52.71514449,-76.11627213
镖,-5.404237424,-68.27914931
镜,-72.6149121,-24.6387842
镶,-41.49944737,65.85729134
长,-0.824908125,8.883917006
门,74.64650094,42.35233457
闪,74.30043812,42.70747675
闭,75.06169623,44.26303594
问,74.88834492,38.03817247
闯,76.06260908,39.46842216
闲,75.0499462,46.09903583
间,74.98259941,37.72826134
闷,73.37637695,42.70198655
闹,74.07074489,46.28467173
闻,73.52389825,37.47889799
阁,74.73197293,39.98233617
阅,71.53114965,42.7685201
阐,76.69537065,37.15030233
阔,75.65328593,41.16402628
队,20.32970362,70.13268584
防,19.77656307,69.12343975
阳,76.14621343,49.90256344
阴,75.84160037,46.89143389
阵,11.50836004,86.07943052
阶,20.07820512,70.42670637
阻,38.15301161,94.47331074
阿,36.32390263,95.89545002
陀,18.78193504,69.55914726
附,37.96820678,92.431797
际,36.10795535,97.63732279
陆,26.38945142,71.28650574
陈,11.87200759,86.2423404
陋,68.82844309,70.95317143
陌,78.11647381,48.98497279
降,13.35270989,82.15418892
限,54.04627601,63.23124006
陕,28.00707983,75.68385452
陡,10.94955737,84.0912741
院,19.015388,74.05043506
除,12.82275643,86.73361503
险,14.34322323,66.84706392
陪,4.985160012,69.61271289
陵,14.24632965,80.63098982
陶,18.69471676,74.98794232
陷,34.4504484,61.9585315
隆,14.96319127,83.19381461
随,13.26643489,81.11611344
隐,14.59633877,83.80809676
隔,29.0545956,90.23272348
隙,9.85716912,88.57024416
障,9.690969542,88.85904204
隶,-92.1990049,17.82647146
难,40.64690808,-51.22007533
雀,-83.89280719,49.64811306
雁,16.26443755,42.72442858
雄,20.46085144,41.3347993
雅,18.18917211,42.42362884
集,-77.44974404,16.21990323
雇,-78.38472495,54.17582969
雕,-14.22825401,-21.34984402
雨,73.32858565,49.96773977
雪,-82.5060256,41.43350891
零,-25.86062858,70.69540117
雷,-82.47714658,41.34502419
雾,-37.42886914,81.72697061
需,-21.91488082,40.37626731
震,-40.25931172,81.35088504
霉,-37.88499173,83.87842754
霍,-36.24724754,81.22203857
霜,-33.59283661,79.1840094
霞,-40.38583794,74.83063613
露,-33.74396273,79.25964734
霸,-37.91296115,81.9901371
青,-80.43587727,19.17794329
靖,-66.28697462,72.95104135
静,-62.55714864,8.772223451
非,-8.160316867,-20.70648905
靠,-53.30580202,76.71974479
面,72.91840559,31.857487
革,-69.40671844,17.37631949
鞋,-5.801052276,56.19984074
鞭,81.03164608,-33.28823975
韦,-43.41228223,-24.73961248
韩,31.53956076,-30.38881426
音,-63.49220342,-27.08082047
韵,75.96831045,10.63795443
页,49.27708033,3.524556802
顶,82.21467645,-18.31368757
项,81.42290188,-18.74829265
顺,68.9741549,68.01308628
须,81.60698184,-17.48083812
顽,74.998419,66.14560914
顾,71.28409824,70.455258
顿,71.03668794,67.35965647
颁,73.85271886,66.8251078
颂,73.71966164,65.54231456
预,73.12162812,68.49329982
领,72.51657834,66.08818257
颇,70.84357879,66.68938126
颈,72.42415835,68.80589657
颊,72.22914759,67.06954748
频,71.2636202,64.79208506
颖,71.26082647,68.34162437
颗,71.11823169,69.30405462
题,58.22693256,40.81462658
颜,68.91040151,65.57641217
额,66.53611511,61.39791697
颠,68.41766663,65.71537519
颤,66.47809743,61.30815828
风,47.13077717,-3.959314942
飘,44.74913457,36.84672828
飞,45.38626179,6.096182803
食,-46.16699788,23.40031935
餐,-45.19601009,48.95231548
饥,3.837483476,-48.4881507
饭,-5.639798259,-61.82384414
饮,-0.168829447,-69.10802231
饰,-13.50077081,-71.55562592
饱,23.40987808,-57.15506312
饶,-9.643288019,-67.22388151
饼,12.49669257,-51.09656945
饿,-5.865619332,-63.02578374
馆,-32.25001,-46.25882497
首,-39.20771098,-39.12499475
香,-65.2051613,40.4758708
馨,-53.31591704,62.83172109
马,35.40277388,-6.042590851
驰,13.57192271,61.50476684
驱,11.74467104,56.06631513
驳,5.928622868,55.68056513
驶,6.427821129,55.76745286
驻,20.99056697,53.43701805
驾,-2.906698985,-21.44571915
骂,49.69524717,37.0157297
骄,4.557888982,55.55052758
骆,6.956049666,66.89179661
验,14.12571624,66.019751
骑,1.038572679,72.07947423
骗,6.709648648,81.32769689
骚,11.76857852,57.33871739
骤,7.030209383,78.91510201
骨,44.93403407,-9.97306193
高,-68.42361228,-8.540366439
鬼,-55.45398936,-29.94719203
魂,1.444174768,85.52981024
魄,0.950210409,85.39230351
魏,-60.12672901,5.95678563
魔,-53.76061061,58.09899283
鱼,-53.36591426,-29.26781887
鲁,-38.05524211,60.93055213
鲍,32.42756416,51.87416521
鲜,25.80458048,-18.55289474
鸟,-69.18423643,-5.998924068
鸡,-48.51126642,-7.571932711
鸣,-3.448165532,85.94350429
鸦,0.687038808,72.55840128
鸭,-5.669795496,83.7929089
鸿,-48.53773195,-7.665262061
鹅,-49.72314178,-9.862038747
鹏,83.4161998,58.90052435
鹤,-6.629029263,82.76770145
鹰,-61.73422194,45.05620298
鹿,-83.71157692,7.858572269
麦,-84.63585364,-17.5818407
麻,-60.52589356,2.07477798
麼,-59.81530412,46.32496428
黄,-84.84635856,-14.86962097
黎,-54.26517329,12.50629082
黑,-23.99139126,60.56722087
默,-15.66096399,41.32136594
鼎,39.84833076,39.73450257
鼓,-6.929461543,39.20649904
鼠,44.64621395,21.57780337
鼻,-44.06737106,75.17925592
齐,-30.6628604,-4.019395254
齿,-52.99330406,-16.1421729
龄,6.46582082,47.55272712
龙,-8.157333703,2.827238365
龟,-55.4864259,-29.06561031
